Sequence,Count,Random_mutagenesis/Combinatorial,6-mer
MAEAQNDPLLPGYSFNAHLVAGLTPIEANGYLDFFIDRPLGMKGYILNLTIRGQGVVKNQGREFVCRPGDILLFPPGEIHHYGRHPEAREWYHQWVYFRPRAYWHEW,3034,C,PTRHYH
MAEAQNDPLLPGYSFNAHLVAGLRPIEANGYLDFFIDLPLGMKGYILNLTIRGQGVVKNQGREFVCRPGDILLFPPGEIAHLGRHPEAREWYWQWVYFRPRAYWHEW,1356,C,PRLALW
MAEAQNDPLLPGYSFNAHLVAGLPPIEANGYLDFFIDRPLGMKGYILNLTIRGQGVVKNQGREFVCRPGDILLFPPGEIVHPGRHPEAREWYGQWVYFRPRAYWHEW,667,C,PPRVPG
MAEAQNDPLLPGYSFNAHLVAGLDPIEANGYLDFFIDRPLGMKGYILNLTIRGQGVVKNQGREFVCRPGDILLFPPGEIIHAGRHPEAREWYPQWVYFRPRAYWHEW,634,C,PDRIAP
MAEAQNDPLLPGYSFNAHLVAGLPPIEANGYLDFFIDSPLGMKGYILNLTIRGQGVVKNQGREFVCRPGDILLFPPGEITHPGRHPEAREWYGQWVYFRPRAYWHEW,632,C,PPSTPG
MAEAQNDPLLPGYSFNAHLVAGLPPIEANGYLDFFIDNPLGMKGYILNLTIRGQGVVKNQGREFVCRPGDILLFPPGEIPHAGRHPEAREWYGQWVYFRPRAYWHEW,606,C,PPNPAG
MAEAQNDPLLPGYSFNAHLVAGLPPIEANGYLDFFIDQPLGMKGYILNLTIRGQGVVKNQGREFVCRPGDILLFPPGEIHHPGRHPEAREWYGQWVYFRPRAYWHEW,491,C,PPQHPG
MAEAQNDPLLPGYSFNAHLVAGLPPIEANGYLDFFIDSPLGMKGYILNLTIRGQGVVKNQGREFVCRPGDILLFPPGEIPHPGRHPEAREWYFQWVYFRPRAYWHEW,408,C,PPSPPF
MAEAQNDPLLPGYSFNAHLVAGLKPIEANGYLDFFIDHPLGMKGYILNLTIRGQGVVKNQGREFVCRPGDILLFPPGEIAHAGRHPEAREWYGQWVYFRPRAYWHEW,398,C,PKHAAG
MAEAQNDPLLPGYSFNAHLVAGLDPIEANGYLDFFIDNPLGMKGYILNLTIRGQGVVKNQGREFVCRPGDILLFPPGEISHLGRHPEAREWYTQWVYFRPRAYWHEW,377,C,PDNSLT
MAEAQNDPLLPGYSFNAHLVAGLSPIEANGYLDFFIDSPLGMKGYILNLTIRGQGVVKNQGREFVCRPGDILLFPPGEIPHGGRHPEAREWYLQWVYFRPRAYWHEW,364,C,PSSPGL
MAEAQNDPLLPGYSFNAHLVAGLPPIEANGYLDFFIDFPLGMKGYILNLTIRGQGVVKNQGREFVCRPGDILLFPPGEISHPGRHPEAREWYGQWVYFRPRAYWHEW,361,C,PPFSPG
MAEAQNDPLLPGYSFNAHLVAGLDPIEANGYLDFFIDCPLGMKGYILNLTIRGQGVVKNQGREFVCRPGDILLFPPGEISHCGRHPEAREWYAQWVYFRPRAYWHEW,357,C,PDCSCA
MAEAQNDPLLPGYSFNAHLVAGLPPIEANGYLDFFIDRPLGMKGYILNLTIRGQGVVKNQGREFVCRPGDILLFPPGEISHPGRHPEAREWYGQWVYFRPRAYWHEW,354,C,PPRSPG
MAEAQNDPLLPGYSFNAHLVAGLPPIEANGYLDFFIDLPLGMKGYILNLTIRGQGVVKNQGREFVCRPGDILLFPPGEIAHPGRHPEAREWYGQWVYFRPRAYWHEW,350,C,PPLAPG
MAEAQNDPLLPGYSFNAHLVAGLPPIEANGYLDFFIDVPLGMKGYILNLTIRGQGVVKNQGREFVCRPGDILLFPPGEIPHVGRHPEAREWYGQWVYFRPRAYWHEW,348,C,PPVPVG
MAEAQNDPLLPGYSFNAHLVAGLEPIEANGYLDFFIDKPLGMKGYILNLTIRGQGVVKNQGREFVCRPGDILLFPPGEITHIGRHPEAREWYGQWVYFRPRAYWHEW,339,C,PEKTIG
MAEAQNDPLLPGYSFNAHLVAGLPPIEANGYLDFFIDEPLGMKGYILNLTIRGQGVVKNQGREFVCRPGDILLFPPGEIPHMGRHPEAREWYAQWVYFRPRAYWHEW,338,C,PPEPMA
MAEAQNDPLLPGYSFNAHLVAGLRPIEANGYLDFFIDTPLGMKGYILNLTIRGQGVVKNQGREFVCRPGDILLFPPGEIAHYGRHPEAREWYLQWVYFRPRAYWHEW,327,C,PRTAYL
MAEAQNDPLLPGYSFNAHLVAGLPPIEANGYLDFFIDIPLGMKGYILNLTIRGQGVVKNQGREFVCRPGDILLFPPGEIPHVGRHPEAREWYTQWVYFRPRAYWHEW,327,C,PPIPVT
MAEAQNDPLLPGYSFNAHLVAGLIPIEANGYLDFFIDDPLGMKGYILNLTIRGQGVVKNQGREFVCRPGDILLFPPGEIPHSGRHPEAREWYGQWVYFRPRAYWHEW,326,C,PIDPSG
MAEAQNDPLLPGYSFNAHLVAGLDPIEANGYLDFFIDRPLGMKGYILNLTIRGQGVVKNQGREFVCRPGDILLFPPGEIDHLGRHPEAREWYLQWVYFRPRAYWHEW,318,C,PDRDLL
MAEAQNDPLLPGYSFNAHLVAGLNPIEANGYLDFFIDNPLGMKGYILNLTIRGQGVVKNQGREFVCRPGDILLFPPGEIGHPGRHPEAREWYSQWVYFRPRAYWHEW,312,C,PNNGPS
MAEAQNDPLLPGYSFNAHLVAGLDPIEANGYLDFFIDKPLGMKGYILNLTIRGQGVVKNQGREFVCRPGDILLFPPGEIPHSGRHPEAREWYLQWVYFRPRAYWHEW,309,C,PDKPSL
MAEAQNDPLLPGYSFNAHLVAGLLPIEANGYLDFFIDRPLGMKGYILNLTIRGQGVVKNQGREFVCRPGDILLFPPGEIRHPGRHPEAREWYGQWVYFRPRAYWHEW,302,C,PLRRPG
MAEAQNDPLLPGYSFNAHLVAGLPPIEANGYLDFFIDHPLGMKGYILNLTIRGQGVVKNQGREFVCRPGDILLFPPGEIRHLGRHPEAREWYSQWVYFRPRAYWHEW,300,C,PPHRLS
MAEAQNDPLLPGYSFNAHLVAGLEPIEANGYLDFFIDNPLGMKGYILNLTIRGQGVVKNQGREFVCRPGDILLFPPGEIGHEGRHPEAREWYCQWVYFRPRAYWHEW,291,C,PENGEC
MAEAQNDPLLPGYSFNAHLVAGLPPIEANGYLDFFIDYPLGMKGYILNLTIRGQGVVKNQGREFVCRPGDILLFPPGEILHPGRHPEAREWYCQWVYFRPRAYWHEW,288,C,PPYLPC
MAEAQNDPLLPGYSFNAHLVAGLPPIEANGYLDFFIDEPLGMKGYILNLTIRGQGVVKNQGREFVCRPGDILLFPPGEIYHTGRHPEAREWYCQWVYFRPRAYWHEW,284,C,PPEYTC
MAEAQNDPLLPGYSFNAHLVAGLVPIEANGYLDFFIDGPLGMKGYILNLTIRGQGVVKNQGREFVCRPGDILLFPPGEIQHPGRHPEAREWYGQWVYFRPRAYWHEW,282,C,PVGQPG
MAEAQNDPLLPGYSFNAHLVAGLHPIEANGYLDFFIDAPLGMKGYILNLTIRGQGVVKNQGREFVCRPGDILLFPPGEITHPGRHPEAREWYYQWVYFRPRAYWHEW,275,C,PHATPY
MAEAQNDPLLPGYSFNAHLVAGLDPIEANGYLDFFIDSPLGMKGYILNLTIRGQGVVKNQGREFVCRPGDILLFPPGEIPHIGRHPEAREWYPQWVYFRPRAYWHEW,274,C,PDSPIP
MAEAQNDPLLPGYSFNAHLVAGLQPIEANGYLDFFIDNPLGMKGYILNLTIRGQGVVKNQGREFVCRPGDILLFPPGEIVHGGRHPEAREWYPQWVYFRPRAYWHEW,274,C,PQNVGP
MAEAQNDPLLPGYSFNAHLVAGLEPIEANGYLDFFIDYPLGMKGYILNLTIRGQGVVKNQGREFVCRPGDILLFPPGEIPHIGRHPEAREWYFQWVYFRPRAYWHEW,271,C,PEYPIF
MAEAQNDPLLPGYSFNAHLVAGLPPIEANGYLDFFIDAPLGMKGYILNLTIRGQGVVKNQGREFVCRPGDILLFPPGEIPHIGRHPEAREWYGQWVYFRPRAYWHEW,264,C,PPAPIG
MAEAQNDPLLPGYSFNAHLVAGLSPIEANGYLDFFIDMPLGMKGYILNLTIRGQGVVKNQGREFVCRPGDILLFPPGEISHSGPHPEAREWYFQWVYFRPRAYWHEW,251,C,PSMSSF
MAEAQNDPLLPGYSFNAHLVAGLAPIEANGYLDFFIDSPLGMKGYILNLTIRGQGVVKNQGREFVCRPGDILLFPPGEILHPGRHPEAREWYNQWVYFRPRAYWHEW,245,C,PASLPN
MAEAQNDPLLPGYSFNAHLVAGLNPIEANGYLDFFIDGPLGMKGYILNLTIRGQGVVKNQGREFVCRPGDILLFPPGEIEHPGRHPEAREWYGQWVYFRPRAYWHEW,241,C,PNGEPG
MAEAQNDPLLPGYSFNAHLVAGLTPIEANGYLDFFIDLPLGMKGYILNLTIRGQGVVKNQGREFVCRPGDILLFPPGEIPHPGRHPEAREWYSQWVYFRPRAYWHEW,240,C,PTLPPS
MAEAQNDPLLPGYSFNAHLVAGLSPIEANGYLDFFIDRPLGMKGYILNLTIRGQGVVKNQGREFVCRPGDILLFPPGEIPHCGRHPEAREWYAQWVYFRPRAYWHEW,236,C,PSRPCA
MAEAQNDPLLPGYSFNAHLVAGLPPIEANGYLDFFIDCPLGMKGYILNLTIRGQGVVKNQGREFVCRPGDILLFPPGEITHPGRHPEAREWYGQWVYFRPRAYWHEW,235,C,PPCTPG
MAEAQNDPLLPGYSFNAHLVAGLAPIEANGYLDFFIDRPLGMKGYILNLTIRGQGVVKNQGREFVCRPGDILLFPPGEIAHLGRHPEAREWYTQWVYFRPRAYWHEW,232,C,PARALT
MAEAQNDPLLPGYSFNAHLVAGLQPIEANGYLDFFIDSPLGMKGYILNLTIRGQGVVKNQGREFVCRPGDILLFPPGEIHHTGRHPEAREWYSQWVYFRPRAYWHEW,228,C,PQSHTS
MAEAQNDPLLPGYSFNAHLVAGL*PIEANGYLDFFIDAPLGMKGYILNLTIRGQGVVKNQGREFVCRPGDILLFPPGEIVHLGRHPEAREWYVQWVYFRPRAYWHEW,225,C,P*AVLV
MAEAQNDPLLPGYSFNAHLVAGLRPIDANGYLDFFIDLPLGMKGYILNLTIRGQGVVKNQGREFVCRPGDILLFPPGEIYHVGRHPEAREWY*QWVYFRPRAYWHEW,220,C,PRLYV*
MAEAQNDPLLPGYSFNAHLVAGLTPIEANGYLDFFIDGPLGMKGYILNLTIRGQGVVKNQGREFVCRPGDILLFPPGEIEH*GRHPEAREWY*QWVYFRPRAYWHEW,217,C,PTGE**
MAEAQNDPLLPGYSFNAHLVAGLNPIEANGYLDFFIDPPLGMKGYILNLTIRGQGVVKNQGREFVCRPGDILLFPPGEINHVGRHPEAREWYPQWVYFRPRAYWHEW,212,C,PNPNVP
MAEAQNDPLLPGYSFNAHLVAGLPPIEANGYLDFFIDLPLGMKGYILNLTIRGQGVVKNQGREFVCRPGDILLFPPGEILHPGRHPEAREWYGQWVYFRPRAYWHEW,209,C,PPLLPG
MAEAQNDPLLPGYSFNAHLVAGLLPIEANGYLDFFIDGPLGMKGYILNLTIRGQGVVKNQGREFVCRPGDILLFPPGEIPHAGRHPEAREWYCQWVYFRPRAYWHEW,209,C,PLGPAC
MAEAQNDPLLPGYSFNAHLVAGLPPIEANGYLDFFIDRPLGMKGYILNLTIRGQGVVKNQGREFVCRPGDILLFPPGEIDHPGRHPEAREWYGQWVYFRPRAYWHEW,205,C,PPRDPG
MAEAQNDPLLPGYSFNAHLVAGLEPIEANGYLDFFIDHPLGMKGYILNLTIRGQGVVKNQGREFVCRPGDILLFPPGEINHYGRHPEAREWYSQWVYFRPRAYWHEW,202,C,PEHNYS
MAEAQNDPLLPGYSFNAHLVAGLDPIEANGYLDFFIDVPLGMKGYILNLTIRGQGVVKNQGREFVCRPGDILLFPPGEIKHFGRHPEAREWYLQWVYFRPRAYWHEW,198,C,PDVKFL
MAEAQNDPLLPGYSFNAHLVAGLKPIEANGYLDFFIDMPLGMKGYILNLTIRGQGVVKNQGREFVCRPGDILLFPPGEIRHRGRHPEAREWYRQWVYFRPRAYWHEW,197,C,PKMRRR
MAEAQNDPLLPGYSFNAHLVAGLNPIEANGYLDFFIDRPLGMKGYILNLTIRGQGVVKNQGREFVCRPGDILLFPPGEIPHLGRHPEAREWYAQWVYFRPRAYWHEW,195,C,PNRPLA
MAEAQNDPLLPGYSFNAHLVAGLPPIEANGYLDFFIDGPLGMKGYILNLTIRGQGVVKNQGREFVCRPGDILLFPPGEITHRGRLPEAREWYSQWVYFRPRAYWHEW,188,C,PPGTRS
MAEAQNDPLLPGYSFNAHLVAGLQPIEANGYLDFFIDHPLGMKGYILNLTIRGQGVVKNQGREFVCRPGDILLFPPGEIPHGGRHPEAREWYAQWVYFRPRAYWHEW,186,C,PQHPGA
MAEAQNDPLLPGYSFNAHLVAGLRPIEANGYLDFFIDLPLGMKGYILNLTIRGQGVVKNQGREFVCRPGDILLFPPGEIPHVGRHPEAREWYTQWVYFRPRAYWHEW,183,C,PRLPVT
MAEAQNDPLLPGYSFNAHLVAGLRPIEANGYLDFFIDVPLGMKGYILNLTIRGQGVVKNQGREFVCRPGDILLFPPGEITHWGRHPEAREWYVQWVYFRPRAYWHEW,182,C,PRVTWV
MAEAQNDPLLPGYSFNAHLVAGLWPIAANGYLDFFIDRPLGMKGYILNLTIRGQGVVKNQGREFVCRPGDILLFPPGEINHIGRHPEAREWYLQWVYFRPRAYWHEW,182,C,PWRNIL
MAEAQNDPLLPGYSFNAHLVAGLRPIEANGYLDFFIDVPLGMKGYILNLTIRGQGVVKNQGREFVCRPGDILLFPPGEIGHYGRHPEAREWYVQWVYFRPRAYWHEW,181,C,PRVGYV
MAEAQNDPLLPGYSFNAHLVAGLRPIEANGYLDFFIDIPLGMKGYILNLTIRGQGVVKNQGREFVCRPGDILLFPPGEIAHVGRHPEAREWYGQWVYFRPRAYWHEW,180,C,PRIAVG
MAEAQNDPLLPGYSFNAHLVAGLSPIEANGYLDFFIDGPLGMKGYILNLTIRGQGVVKNQGREFVCRPGDILLFPPGEIDHCGRHPEAREWYLQWVYFRPRAYWHEW,179,C,PSGDCL
MAEAQNDPLLPGYSFNAHLVAGLNPIEANGYLDFFIDSPLGMKGYILNLTIRGQGVVKNQGREFVCRPGDILLFPPGEIAHAGRHPEAREWYAQWVYFRPRAYWHEW,179,C,PNSAAA
MAEAQNDPLLPGYSFNAHLVAGLNPIEANGYLDFFIDTPLGMKGYILNLTIRGQGVVKNQGREFVCRPGDILLFPPGEIFHVGRHPEAREWYWQWVYFRPRAYWHEW,178,C,PNTFVW
MAEAQNDPLLPGYSFNAHLVAGLDPIEANGYLDFFIDTPLGMKGYILNLTIRGQGVVKNQGREFVCRPGDILLFPPGEIRHLGRHPEAREWYLQWVYFRPRAYWHEW,169,C,PDTRLL
MAEAQNDPLLPGYSFNAHLVAGLSPIEANGYLDFFIDEPLGMKGYILNLTIRGQGVVKNQGREFVCRPGDILLFPPGEIEHSGRHPEAREWYVQWVYFRPRAYWHEW,167,C,PSEESV
MAEAQNDPLLPGYSFNAHLVAGLKPIEANGYLDFFIDRPLGMKGYILNLTIRGQGVVKNQGREFVCRPGDILLFPPGEIMHPGRHPEAREWYGQWVYFRPRAYWHEW,166,C,PKRMPG
MAEAQNDPLLPGYSFNAHLVAGLEPIEANGYLDFFIDAPLGMKGYILNLTIRGQGVVKNQGREFVCRPGDILLFPPGEIAHPGRHPEAREWYGQWVYFRPRAYWHEW,165,C,PEAAPG
MAEAQNDPLLPGYSFNAHLVAGLWPIEANGYLDFFIDGPLGMKGYILNLTIRGQGVVKNQGREFVCRPGDILLFPPGEITHLGRHPEAREWYHQWVYFRPRAYWHEW,164,C,PWGTLH
MAEAQNDPLLPGYSFNAHLVAGLSPIEANGYLDFFIDNPLGMKGYILNLTIRGQGVVKNQGREFVCRPGDILLFPPGEIPHAGRHPEAREWYGQWVYFRPRAYWHEW,162,C,PSNPAG
MAEAQNDPLLPGYSFNAHLVAGLPPIEANGYLDFFIDVPLGMKGYILNLTIRGQGVVKNQGREFVCRPGDILLFPPGEICHPGRHPEAREWYVQWVYFRPRAYWHEW,160,C,PPVCPV
MAEAQNDPLLPGYSFNAHLVAGLQPIEANGYLDFFIDTPLGMKGYILNLTIRGQGVVKNQGREFVCRPGDILLFPPGEIAHAGRHPEAREWYPQWVYFRPRAYWHEW,159,C,PQTAAP
MAEAQNDPLLPGYSFNAHLVAGLEPIEANGYLDFFIDHPLGMKGYILNLTIRGQGVVKNQGREFVCRPGDILLFPPGEIQHIGRHPEAREWYLQWVYFRPRAYWHEW,158,C,PEHQIL
MAEAQNDPLLPGYSFNAHLVAGLLPIEANGYLDFFIELPLGMKGYILNLTIRGQGVVKNQGREFVCRPGDILLFPPGEIAHHGRHPEAREWYCQWVYFRPRAYWHEW,157,C,PLLAHC
MAEAQNDPLLPGYSFNAHLVAGLEPIEANGYLDFFIDMPLGMKGYILNLTIRGQGVVKNQGREFVCRPGDILLFPPGEIVHCGRHPEAREWYGQWVYFRPRAYWHEW,157,C,PEMVCG
MAEAQNDPLLPGYSFNAHLVAGLQPIEANGYLDFFIDVPLGMKGYILNLTIRGQGVVKNQGREFVCRPGDILLFPPGEIAHAGRHPEAREWYCQWVYFRPRAYWHEW,154,C,PQVAAC
MAEAQNDPLLPGYSFNAHLVAGLLPIEANGYLDFFIDQPLGMKGYILNLTIRGQGVVKNQGREFVCRPGDILLFPPGEIHHPGRHPEAREWYGQWVYFRPRAYWHEW,151,C,PLQHPG
MAEAQNDPLLPGYSFNAHLVAGLPPIEANGYLDFFIDMPLGMKGYILNLTIRGQGVVKNQGREFVCRPGDILLFPPGEITHPGRHPEAREWYGQWVYFRPRAYWHEW,151,C,PPMTPG
MAEAQNDPLLPGYSFNAHLVAGLPPIEANGYLDFFIDCPLGMKGYILNLTIRGQGVVKNQGREFVCRPGDILLFPPGEIPHCGRHPEAREWYSQWVYFRPRAYWHEW,150,C,PPCPCS
MAEAQNDPLLPGYSFNAHLVAGLPPIEANGYLDFFIDRPLGMKGYILNLTIRGQGVVKNQGREFVCRPGDILLFPPGEIPHVGRHPEAREWYAQWVYFRPRAYWHEW,148,C,PPRPVA
MAEAQNDPLLPGYSFNAHLVAGLEPIEANGYLDFFIDGPLGMKGYILNLTIRGQGVVKNQGREFVCRPGDILLFPPGEIRHTGRHPEAREWYCQWVYFRPRAYWHEW,146,C,PEGRTC
MAEAQNDPLLPGYSFNAHLVAGLPPIEANGYLDFFIDDPLGMKGYILNLTIRGQGVVKNQGREFVCRPGDILLFPPGEISHTGRHPEAREWYSQWVYFRPRAYWHEW,145,C,PPDSTS
MAEAQNDPLLPGYSFNAHLVAGLSPIEANGYLDFFIDLPLGMKGYILNLTIRGQGVVKNQGREFVCRPGDILLFPPGEIRHSGRHPEAREWYVQWVYFRPRAYWHEW,145,C,PSLRSV
MAEAQNDPLLPGYSFNAHLVAGLDPIEANGYLDFFIDLPLGMKGYILNLTIRGQGVVKNQGREFVCRPGDILLFPPGEIRHLGRHPEAREWYSQWVYFRPRAYWHEW,142,C,PDLRLS
MAEAQNDPLLPGYSFNAHLVAGLGPIEANGYLDFFIDTPLGMKGYILNLTIRGQGVVKNQGREFVCRPGDILLFPPGEIAHTGRHPEAREWYPQWVYFRPRAYWHEW,140,C,PGTATP
MAEAQNDPLLPGYSFNAHLVAGLSPIEANGYLDFFIDWPLGMKGYILNLTIRGQGVVKNQGREFVCRPGDILLFPPGEIAHRGRHPEAREWYSQWVYFRPRAYWHEW,140,C,PSWARS
MAEAQNDPLLPGYSFNAHLVAGLCPIEANGYLDFFIDNPLGMKGYILNLTIRGQGVVKNQGREFVCRPGDILLFPPGEIRHTGRHPEAREWYQQWVYFRPRAYWHEW,139,C,PCNRTQ
MAEAQNDPLLPGYSFNAHLVAGLKPIEANGYLDFFIDSPLGMKGYILNLTIRGQGVVKNQGREFVCRPGDILLFPPGEIAHPGRHPEAREWYGQWVYFRPRAYWHEW,139,C,PKSAPG
MAEAQNDPLLPGYSFNAHLVAGLIPIEANGYLDFFIDPPLGMKGYILNLTIRGQGVVKNQGREFVCRPGDILLFPPGEIIHTGRHPEAREWYPQWVYFRPRAYWHEW,138,C,PIPITP
MAEAQNDPLLPGYSFNAHLVAGLPPIEANGYLDFFIDSPLGMKGYILNLTIRGQGVVKNQGREFVCRPGDILLFPPGEIHHPGRHPEAREWYGQWVYFRPRAYWHEW,138,C,PPSHPG
MAEAQNDPLLPGYSFNAHLVAGLEPIEANGYLDFFIDQPLGMKGYILNLTIRGQGVVKNQGREFVCRPGDILLFPPGEISHDGRHPEAREWYGQWVYFRPRAYWHEW,136,C,PEQSDG
MAEAQNDPLLPGYSFNAHLVAGLSPIEANGYLDFFIDDPLGMKGYILNLTIRGQGVVKNQGREFVCRPGDILLFPPGEITHVGRHPEAREWYWQCVYFRPRAYWHEW,134,C,PSDTVW
MAEAQNDPLLPGYSFNAHLVAGLPPIEANGYLDFFIDNPLGMKGYILNLTIRGQGVVKNQGREFVCRPGDILLFPPGEITHMGRHPEAREWYGQWVYFRPRAYWHEW,134,C,PPNTMG
MAEAQNDPLLPGYSFNAHLVAGLPPIEANGYLDFFIDPPLGMKGYILNLTIRGQGVVKNQGREFVCRPGDILLFPPGEISHPGRHPEAREWYGQWVYFRPRAYWHEW,132,C,PPPSPG
MAEAQNDPLLPGYSFNAHLVAGLDPIEANGYLDFFIDPPLGMKGYILNLTIRGQGVVKNQGREFVCRPGDILLFPPGEIHHPGRHPEAREWYSQWVYFRPRAYWHEW,129,C,PDPHPS
MAEAQNDPLLPGYSFNAHLVAGLDPIEANGYLDFFIDSPLGMKGYILNLTIRGQGVVKNQGREFVCRPGDILLFPPGEIGHVGRHPEAREWYGQWVYFRPRAYWHEW,129,C,PDSGVG
MAEAQNDPLLPGYSFNAHLVAGLMPIEANGYLDFFIDCPLGMKGYILNLTIRGQGVVKNQGREFVCRPGDILLFPPGEIIHHGRHPEAREWYVQWVYFRPRAYWHEW,128,C,PMCIHV
MAEAQNDPLLPGYSFNAHLVAGLEPIEANGYLDFFIDDPLGMKGYILNLTIRGQGVVKNQGREFVCRPGDILLFPPGEIPHHGRHPEAREWYAQWVYFRPRAYWHEW,128,C,PEDPHA
MAEAQNDPLLPGYSFNAHLVAGLEPIEANGYLDFFIDAPLGMKGYILNLTIRGQGVVKNQGREFVCRPGDILLFPPGEIPHMGRHPEAREWYLQWVYFRPRAYWHEW,127,C,PEAPML
MAEAQNDPLLPGYSFNAHLVAGLAPIEANGYLDFFIDHPLGMKGYILNLTIRGQGVVKNQGREFVCRPGDILLFPPGEITHHGRHPEAREWYVQWVYFRPRAYWHEW,126,C,PAHTHV
MAEAQNDPLLPGYSFNAHLVAGLSPIEANGYLDFFIDIPLGMKGYILNLTIRGQGVVKNQGREFVCRPGDILLFPPGEIPHVGRHPEAREWYLQWVYFRPRAYWHEW,126,C,PSIPVL
MAEAQNDPLLPGYSFNAHLVAGLQPIEANGYLDFFIDCPLGMKGYILNLTIRGQGVVKNQGREFVCRPGDILLFPPGEINHPGRHPEAREWYGQWVYFRPRAYWHEW,126,C,PQCNPG
MAEAQNDPLLPGYSFNAHLVAGLDPIEANGYLDFFIDRPLGMKGYILNLTIRGQGVVKNQGREFVCRPGDILLFPPGEIPHPGRHPEAREWYAQWVYFRPRAYWHEW,125,C,PDRPPA
MAEAQNDPLLPGYSFNAHLVAGLDPIEANGYLDFFIDTPLGMKGYILNLTIRGQGVVKNQGREFVCRPGDILLFPPGEITHWGRHPEAREWYGQWVYFRPRAYWHEW,124,C,PDTTWG
MAEAQNDPLLPGYSFNAHLVAGLDPIEANGYLDFFIDGPLGMKGYILNLTIRGQGVVKNQGREFVCRPGDILLFPPGEIRHPGRHPEAREWYSQWVYFRPRAYWHEW,123,C,PDGRPS
MAEAQNDPLLPGYSFNAHLVAGLEPIEANGYLDFFIDPPLGMKGYILNLTIRGQGVVKNQGREFVCRPGDILLFPPGEIAHDGRHPEAREWYCQWVYFRPRAYWHEW,123,C,PEPADC
MAEAQNDPLLPGYSFNAHLVAGLLPIEANGYLDFFIDVPLGMKGYILNLTIRGQGVVKNQGREFVCRPGDILLFPPGEILHPGRHPEAREWYVQWVYFRPRAYWHEW,123,C,PLVLPV
MAEAQNDPLLPGYSFNAHLVAGLPPIEANGYLDFFIDNPLGMKGYILNLTIRGQGVVKNQGREFVCRPGDILLFPPGEIQHAGRHPEAREWYGQWVYFRPRAYWHEW,123,C,PPNQAG
MAEAQNDPLLPGYSFNAHLVAGLPPIEANGYLDFFIDRPLGMKGYILNLTIRGQGVVKNQGREFVCRPGDILLFPPGEIDHVGRHPEAREWYSQWVYFRPRAYWHEW,123,C,PPRDVS
MAEAQNDPLLPGYSFNAHLVAGLEPIEANGYLDFFIDRPLGMKGYILNLTIRGQGVVKNQGREFVCRPGDILLFPPGEIRHPGRHPEAREWYGQWVYFRPRAYWHEW,122,C,PERRPG
MAEAQNDPLLPGYSFNAHLVAGLTPIEANGYLDFFIDSPLGMKGYILNLTIRGQGVVKNQGREFVCRPGDILLFPPGEIHHVGRHPEAREWYCQWVYFRPRAYWHEW,121,C,PTSHVC
MAEAQNDPLLPGYSFNAHLVAGLKPIEANGYLDFFIDQPLGMKGYILNLTIRGQGVVKNQGREFVCRPGDILLFPPGEIHHFGRHPEAREWYAQWVYFRPRAYWHEW,120,C,PKQHFA
MAEAQNDPLLPGYSFNAHLVAGLEPIEANGYLDFFIDIPLGMKGYILNLTIRGQGVVKNQGREFVCRPGDILLFPPGEIGHRGRHPEAREWYTQWVYFRPRAYWHEW,120,C,PEIGRT
MAEAQNDPLLPGYSFNAHLVAGLDPIEANGYLDFFIDMPLGMKGYILNLTIRGQGVVKNQGREFVCRPGDILLFPPGEIHHCGRHPEAREWYCQWVYFRPRAYWHEW,119,C,PDMHCC
MAEAQNDPLLPGYSFNAHLVAGLPPIEANGYLDFFIDGPLGMKGYILNLTIRGQGVVKNQGREFVCRPGDILLFPPGEIMHPGRHPEAREWYGQWVYFRPRAYWHEW,118,C,PPGMPG
MAEAQNDPLLPGYSFNAHLVAGLSPIEANGYLDFFIDWPLGMKGYILNLTIRGQGVVKNQGREFVCRPGDILLFPPGEIVHIGRHPEAREWYSQWVYFRPRAYWHEW,117,C,PSWVIS
MAEAQNDPLLPGYSFNAHLVAGLDPIEANGYLDFFIDVPLGMKGYILNLTIRGQGVVKNQGREFVCRPGDILLFPPGEISHQGRHPEAREWYVQWVYFRPRAYWHEW,117,C,PDVSQV
MAEAQNDPLLPGYSFNAHLVAGLQPIEANGYLDFFIDSPLGMKGYILNLTIRGQGVVKNQGREFVCRPGDILLFPPGEIPHLGRHPEAREWYPQWVYFRPRAYWHEW,117,C,PQSPLP
MAEAQNDPLLPGYSFNAHLVAGLEPIEANGYLDFFIDRPLGMKGYILNLTIRGQGVVKNQGREFVCRPGDILLFPPGEIPHNGRHPEAREWYAQWVYFRPRAYWHEW,116,C,PERPNA
MAEAQNDPLLPGYSFNAHLVAGLPPIEANGYLDFFIDGPLGMKGYILNLTIRGQGVVKNQGREFVCRPGDILLFPPGEISHPGRHPEAREWYGQWVYFRPRAYWHEW,116,C,PPGSPG
MAEAQNDPLLPGYSFNAHLVAGLMPIEANGYLDFFIDYPLGMKGYILNLTIRGQGVVKNQGREFVCRPGDILLFPPGEIDHTGRHPEAREWYWQWVYFRPRAYWHEW,116,C,PMYDTW
MAEAQNDPLLPGYSFNAHLVAGLVPIEANGYLDFFIDVPLGMKGYILNLTIRGQGVVKNQGREFVCRPGDILLFPPGEISHPGRHPEAREWYLQWVYFRPRAYWHEW,115,C,PVVSPL
MAEAQNDPLLPGYSFNAHLVAGLPPIEANGYLDFFIDPPLGMKGYILNLTIRGQGVVKNQGREFVCRPGDILLFPPGEIPHVGRHPEAREWYTQWVYFRPRAYWHEW,114,C,PPPPVT
MAEAQNDPLLPGYSFNAHLVAGLSPIEANGYLDFFIDWPLGMKGYILNLTIRGQGVVKNQGREFVCRPGDILLFPPGEISHLGRHPEAREWYGQWVYFRPRAYWHEW,113,C,PSWSLG
MAEAQNDPLLPGYSFNAHLVAGLEPIEANGYLDFFIDLPLGMKGYILNLTIRGQGVVKNQGREFVCRPGDILLFPPGEIEHPGRHPEAREWYVQWVYFRPRAYWHEW,113,C,PELEPV
MAEAQNDPLLPGYSFNAHLVAGLGPIEANGYLDFFIDYPLGMKGYILNLTIRGQGVVKNQGREFVCRPGDILLFPPGEIPHHGRHPEAREWYQQWVYFRPRAYWHEW,112,C,PGYPHQ
MAEAQNDPLLPGYSFNAHLVAGLEPIEANGYLDFFIDCPLGMKGYILNLTIRGQGVVKNQGREFVCRPGDILLFPPGEISHLGRHPEAREWYVQWVYFRPRAYWHEW,112,C,PECSLV
MAEAQNDPLLPGYSFNAHLVAGLDPIEANGYLDFFIDCPLGMKGYILNLTIRGQGVVKNQGREFVCRPGDILLFPPGEIAHLGRHPEAREWYTQWVYFRPRAYWHEW,111,C,PDCALT
MAEAQNDPLLPGYSFNAHLVAGLTPIEANGYLDFFIDFPLGMKGYILNLTIRGQGVVKNQGREFVCRPGDILLFPPGEIMHPGRHPEAREWYGQWVYFRPRAYWHEW,110,C,PTFMPG
MAEAQNDPLLPGYSFNAHLVAGLMPIEANGYLDFFIDLPLGMKGYILNLTIRGQGVVKNQGREFVCRPGDILLFPPGEIPHAGRHPEAREWYLQWVYFRPRAYWHEW,110,C,PMLPAL
MAEAQNDPLLPGYSFNAHLVAGLCPIEANGYLDFFIDLPLGMKGYILNLTIRGQGVVKNQGREFVCRPGDILLFPPGEIFHVGRHPEAREWLWQWVYFRPRAYWHEW,109,C,PCLFVW
MAEAQNDPLLPGYSFNAHLVAGLEPIEANGYLDFFIDAPLGMKGYILNLTIRGQGVVKNQGREFVCRPGDILLFPPGEIIHTGRHPEAREWYRQWVYFRPRAYWHEW,108,C,PEAITR
MAEAQNDPLLPGYSFNAHLVAGLAPIEANGYLDFFIDIPLGMKGYILNLTIRGQGVVKNQGREFVCRPGDILLFPPGEIHHFGRHPEAREWYYQWVYFRPRAYWHEW,108,C,PAIHFY
MAEAQNDPLLPGYSFNAHLVAGLLPIEANGYLDFFIDVPLGMKGYILNLTIRGQGVVKNQGREFVCRPGDILLFPPGEIQHQGRHPEAREWYAQWVYFRPRAYWHEW,108,C,PLVQQA
MAEAQNDPLLPGYSFNAHLVAGLPPIEANGYLDFFIDIPLGMKGYILNLTIRGQGVVKNQGREFVCRPGDILLFPPGEIRHGGRHPEAREWYYQWVYFRPRAYWHEW,107,C,PPIRGY
MAEAQNDPLLPGYSFNAHLVAGLDPIEANGYLDFFIDAPLGMKGYILNLTIRGQGVVKNQGREFVCRPGDILLFPPGEIPHNGRHPEAREWYFQWVYFRPRAYWHEW,107,C,PDAPNF
MAEAQNDPLLPGYSFNAHLVAGLSPIEANGYLDFFID*PLGMKGYILNLTIRGQGVVKNQGREFVCRPGDILLFPPGEINHSGRHPEAREWYSQWVYFRPRAYWHEW,106,C,PS*NSS
MAEAQNDPLLPGYSFNAHLVAGLLPIEANGYLDFFIDLPLGMKGYILNLTIRGQGVVKNQGREFVCRPGDILLFPPGEIDHFGRHPEAREWYLQWVYFRPRAYWHEW,105,C,PLLDFL
MAEAQNDPLLPGYSFNAHLVAGLTPIEANGYLDFFIDMPLGMKGYILNLTIRGQGVVKNQGREFVCRPSDILLFPPGEIMHVGRHPEAREWYGQWVYFRPRAYWHEW,105,C,PTMMVG
MAEAQNDPLLPGYSFNAHLVAGLDPIEANGYLDFFIDYPLGMKGYILNLTIRGQGVVKNQGREFVCRPGDILLFPPGEIAHWGRHPEAREWYGQWVYFRPRAYWHEW,104,C,PDYAWG
MAEAQNDPLLPGYSFNAHLVAGLAPIEANGYLDFFIDTPLGMKGYILNLTIRGQGVVKNQGREFVCRPGDILLFPPGEIEHPGRHPEAREWYGQWVYFRPRAYWHEW,104,C,PATEPG
MAEAQNDPLLPGYSFNAHLVAGLLPIEANGYLDFFIDAPLGMKGYILNLTIRGQGVVKNQGREFVCRPGDILLFPPGEIFHTGRHPEAREWYVQWVYFRPRAYWHEW,104,C,PLAFTV
MAEAQNDPLLPGYSFNAHLVAGLPPIEANGYLDFFIDNPLGMKGYILNLTIRGQGVVKNQGREFVCRPGDILLFPPGEIGHYGRHPEAREWYCQWVYFRPRAYWHEW,104,C,PPNGYC
MAEAQNDPLLPGYSFNAHLVAGLDPIEANGYLDFFIDGPLGMKGYILNLTIRGQGVVKNQGREFVCRPGDILLFPPGEITHPGRHPEAREWYGQWVYFRPRAYWHEW,104,C,PDGTPG
MAEAQNDPLLPGYSFNAHLVAGLEPIEANGYLDFFIDFPLGMKGYILNLTIRGQGVVKNQGREFVCRPGDILLFPPGEIPHTGRHPEAREWYAQWVYFRPRAYWHEW,103,C,PEFPTA
MAEAQNDPLLPGYSFNAHLVAGLDPIEANGYLDFFIDRPLGMKGYILNLTIRGQGVVKNQGREFVCRPGDILLFPPGEIPHWGRHPEAREWYAQWVYFRPRAYWHEW,103,C,PDRPWA
MAEAQNDPLLPGYSFNAHLVAGLTPIEANGYLDFFIDRPLGMKGYILNLTIRGQGVVKNQGREFVCRPGDILLFPPGEIVHPGRHPEAREWYGQWVYFRPRAYWHEW,102,C,PTRVPG
MAEAQNDPLLPGYSFNAHLVAGLPPIEANGYLDFFIDTPLGMKGYILNLTIRGQGVVKNQGREFVCRPGDILLFPPGEIDHVGRHPEAREWYNQWVYFRPRAYWHEW,102,C,PPTDVN
MAEAQNDPLLPGYSFNAHLVAGLDPIEANGYLDFFIDDPLGMKGYILNLTIRGQGVVKNQGREFVCRPGDILLFPPGEIMHPGRHPEAREWYAQWVYFRPRAYWHEW,102,C,PDDMPA
MAEAQNDPLLPGYSFNAHLVAGLTPIEANGYLDFFIDRPLGMKGYILNLTIRGQGVVKNQGREFVCRPGDILLFPPGEIAHPGRHPEAREWYGQWVYFRPRAYWHEW,102,C,PTRAPG
MAEAQNDPLLPGYSFNAHLVAGLSPIEANGYLDFFIDDPLGMKGYILNLTIRGQGVVKNQGREFVCRPGDILLFPPGEIQHIGRHPEAREWYGQWVYFRPRAYWHEW,102,C,PSDQIG
MAEAQNDPLLPGYSFNAHLVAGLKPIEANGYLDFFIDHPLGMKGYILNLTIRGQGVVKNQGREFVCRPGDILLFPPGEIIHPGRHPEAREWYAQWVYFRPRAYWHEW,102,C,PKHIPA
MAEAQNDPLLPGYSFNAHLVAGLPPIEANGYLDFFIDQPLGMKGYILNLTIRGQGVVKNQGREFVCRPGDILLFPPGEIGHSGRHPEAREWY*QWVYFRPRAYWHEW,102,C,PPQGS*
MAEAQNDPLLPGYSFNAHLVAGLVPIEANGYLDFFIDPPLGMKGYILNLTIRGQGVVKNQGREFVCRPGDILLFPPGEISHTGRHPEAREWYRQWVYFRPRAYWHEW,101,C,PVPSTR
MAEAQNDPLLPGYSFNAHLVAGLPPIEANGYLDFFIDLPLGMKGYILNLTIRGQGVVKNQGREFVCRPGDILLFPPGEISHPGRHPEAREWYGQWVYFRPRAYWHEW,101,C,PPLSPG
MAEAQNDPLLPGYSFNAHLVAGLDPIEANGYLDFFIDQPLGMKGYILNLTIRGQGVVKNQGREFVCRPGDILLFPPGEIRHAGRHPEAREWYGQWVYFRPRAYWHEW,101,C,PDQRAG
MAEAQNDPLLPGYSFNAHLVAGLGPIEANGYLDFFIDVPLGMKGYILNLTIRGQGVVKNQGREFVCRPGDILLFPPGEIEHHGRHPEAREWYGQWVYFRPRAYWHEW,101,C,PGVEHG
MAEAQNDPLLPGYSFNAHLVAGLEPIEANGYLDFFIDGPLGMKGYILNLTIRGQGVVKNQGREFVCRPGDILLFPPGEITHTGRHPEAREWYCQWVYFRPRAYWHEW,100,C,PEGTTC
MAEAQNDPLLPGYSFNAHLVAGLEPIEANGYLDFFIDFPLGMKGYILNLTIRGQGVVKNQGREFVCRPGDILLFPPGEIDHAGRHPEAREWYVQWVYFRPRAYWHEW,100,C,PEFDAV
MAEAQNDPLLPGYSFNAHLVAGLEPIEANGYLDFFIDRPLGMKGYILNLTIRGQGVVKNQGREFVCRPGDILLFPPGEIDHTGRHPEAREWYQQWVYFRPRAYWHEW,99,C,PERDTQ
MAEAQNDPLLPGYSFNAHLVAGLDPIEANGYLDFFIDRPLGMKGYILNLTIRGQGVVKNQGREFVCRPGDILLFPPGEICHCGRHPEAREWYVQWVYFRPRAYWHEW,99,C,PDRCCV
MAEAQNDPLLPGYSFNAHLVAGLDPIEANGYLDFFIDRPLGMKGYILNLTIRGQGVVKNQGREFVCRPGDILLFPPGEISHPGRHPEAREWYVQWVYFRPRAYWHEW,98,C,PDRSPV
MAEAQNDPLLPGYSFNAHLVAGLPPIEANGYLDFFIDSPLGMKGYILNLTIRGQGVVKNQGREFVCRPGDILLFPPGEIEHCGRHPEAREWYAQWVYFRPRAYWHEW,98,C,PPSECA
MAEAQNDPLLPGYSFNAHLVAGLFPIEANGYLDFFIDRPLGMKGYILNLTIRGQGVVKNQGREFVCRPGDILLFPPGEIDHVGRHPEAREWYVQWVYFRPRAYWHEW,97,C,PFRDVV
MAEAQNDPLLPGYSFNAHLVAGLPPIEANGYLDFFIDGPLGMKGYILNLTIRGQGVVKNQGREFVCRPGDILLFPPGEINHPGRHPEAREWYSQWVYFRPRAYWHEW,97,C,PPGNPS
MAEAQNDPLLPGYSFNAHLVEGLTPIEANGYLDFFIDRPLGMKGYILNLTIRGQGVVKNQGREFVCRPGDILLFPPGEIPHPGRHPEAREWYAQWVYFRPRAYWHEW,97,C,PTRPPA
MAEAQNDPLLPGYSFNAHLVAGLNPIEANGYLDFFIDRPLGMKGYILNLTIRGQGVVKNQGREFVCRPGDILLFPPGEIKHAGRHPEAREWYAQWVYFRPRAYWHEW,97,C,PNRKAA
MAEAQNDPLLPGYSFNAHLVAGLKPIEANGYLDFFIDRPLGMKGYILNLTIRGQGVVKNQGREFVCRPGDILLFPPGEIPHFGRHPEAREWYKQWVYFRPRAYWHEW,97,C,PKRPFK
MAEAQNDPLLPGYSFNAHLVAGLDPIEANGYLDFFIDSPLGMKGYILNLTIRGQGVVKNQGREFVCRPGDILLFPPGEIAHSGRHPEAREWYAQWVYFRPRAYWHEW,96,C,PDSASA
MAEAQNDPLLPGYSFNAHLVAGLDPIEANGYLDFFIDNPLGMKGYILNLTIRGQGVVKNQGREFVCRPGDILLFPPGEISHSGRHPEAREWYVQWVYFRPRAYWHEW,96,C,PDNSSV
MAEAQNDPLLPGYSFNAHLVAGLPPIEANGYLDFFIDMPLGMKGYILNLTIRGQGVVKNQGREFVCRPGDILLFPPGEIPHPGRHPEAREWYGQWVYFRPRAYWHEW,95,C,PPMPPG
MAEAQNDPLLPGYSFNAHLVAGLPPIEANGYLDFFIDCPLGMKGYILNLTIRGQGVVKNQGREFVCRPGDILLFPPGEIPHVGRHPEAREWYCQWVYFRPRAYWHEW,95,C,PPCPVC
MAEAQNDPLLPGYSFNAHLVAGLPPIEANGYLDFFIDQPLGMKGYILNLTIRGQGVVKNQGREFVCRPGDILLFPPGEIPHGGRHPEAREWYAQWVYFRPRAYWHEW,95,C,PPQPGA
MAEAQNDPLLPGYSFNAHLVAGLKPIEANGYLDFFIDCPLGMKGYILNLTIRGQGVVKNQGREFVCRPGDILLFPPGEISHRGRHPEAREWYGQWVYFRPRAYWHEW,95,C,PKCSRG
MAEAQNDPLLPGYSFNAHLVAGLVPIEANGYLDFFIDRPLGMKGYILNLTIRGQGVVKNQGREFVCRPGDILLFPPGEIVHPGRHPEAREWYGQWVYFRPRAYWHEW,95,C,PVRVPG
MAEAQNDPLLPGYSFNAHLVAGLCPIEANGYLDFFIDLPLGMKGYILNLTIRGQGVVKNQGREFVCRPGDILLFPPGEITHDGRHPEAREWYWQWVYFRPRAYWHEW,94,C,PCLTDW
MAEAQNDPLLPGYSFNAHLVAGLSPIEANGYLDFFIDGPLGMKGYILNLTIRGQGVVKNQGREFVCRPGDILLFPPGEIPHPGRHPEAREWYLQWVYFRPRAYWHEW,94,C,PSGPPL
MAEAQNDPLLPGYSFNAHLVAGLKPIEANGYLDFFIDLPLGMKGYILNLTIRGQGVVKNQGREFVCRPGDILLFPPGEIVHAGRHPEAREWYGQWVYFRPRAYWHEW,94,C,PKLVAG
MAEAQNDPLLPGYSFNAHLVAGLGPIEANGYLDFFIDRPLGMKGYILNLTIRGQGVVKNQGREFVCRPGDILLFPPGEIEHMGRHPEAREWYSQWVYFRPRAYWHEW,94,C,PGREMS
MAEAQNDPLLPGYSFNAHLVAGLKPIEANGYLDFFIDRPLGMKGYILNLTIRGQGVVKNQGREFVCRPGDILLFPPGEIRHPGRHPEAREWY*QWVYFRPRAYWHEW,94,C,PKRRP*
MAEAQNDPLLPGYSFNAHLVAGLPPIEANGYLDFFIDLPLGMKGYILNLTIRGQGVVKNQGREFVCRPGDILLFPPGEIIHTGRHPEAREWYAQWVYFRPRAYWHEW,94,C,PPLITA
MAEAQNDPLLPGYSFNAHLVAGLTPIEANGYLDFFIDSPLGMKGYILNLTIRGQGVVKNQGREFVCRPGDILLFPPGEIPHSGRHPEAREWYSQWVYFRPRAYWHEW,93,C,PTSPSS
MAEAQNDPLLPGYSFNAHLVAGLNPIEANGYLDFFIDQPLGMKGYILNLTIRGQGVVKNQGREFVCRPGDILLFPPGEIPHLGRHPEAREWYVQWVYFRPRAYWHEW,93,C,PNQPLV
MAEAQNDPLLPGYSFNAHLVAGLTPIEANGYLDFFIDCPLGMKGYILNLTIRGQGVVKNQGREFVCRPGDILLFPPGEILHPGRHPEAREWYGQWVYFRPRAYWHEW,93,C,PTCLPG
MAEAQNDPLLPGYSFNAHLVAGLYPIEANGYLDFFIDVPLGMKGYILNLTIRGQGVVKNQGREFVCRPGDILLFPPGEILHEGRHPEAREWYFQWVYFRPRAYWHEW,93,C,PYVLEF
MAEAQNDPLLPGYSFNAHLVAGLPPIEANGYLDFFIDRPLGMKGYILNLTIRGQGVVKNQGREFVCRPGDILLFPPGEIPHLGRHPEAREWYCQWVYFRPRAYWHEW,93,C,PPRPLC
MAEAQNDPLLPGYSFNAHLVAGLPPIEANGYLDFFIDMPLGMKGYILNLTIRGQGVVKNQGREFVCRPGDILLFPPGEIKHPGRHPEAREWYGQWVYFRPRAYWHEW,93,C,PPMKPG
MAEAQNDPLLPGYSFNAHLVAGLDPIEANGYLDFFIDLPLGMKGYILNLTIRGQGVVKNQGREFVCRPGDILLFPPGEITHLGRHPEAREWYGQWVYFRPRAYWHEW,92,C,PDLTLG
MAEAQNDPLLPGYSFNAHLVAGLYPIEANGYLDFFIDGPLGMKGYILNLTIRGQGVVKNQGREFVCRPGDILLFPPGEIQHPGRHPEAREWYAQWVYFRPRAYWHEW,92,C,PYGQPA
MAEAQNDPLLPGYSFNAHLVAGLSPIEANGYLDFFIDAPLGMKGYILNLTIRGQGVVKNQGREFVCRPGDILLFPPGEILHPGRHPEAREWYGQWVYFRPRAYWHEW,92,C,PSALPG
MAEAQNDPLLPGYSFNAHLVAGLDPIEANGYLDFFIDPPLGMKGYILNLTIRGQGVVKNQGREFVCRPGDILLFPPGEITHLGRHPEAREWYVQWVYFRPRAYWHEW,91,C,PDPTLV
MAEAQNDPLLPGYSFNAHLVAGLNPIEANGYLDFFIDGPLGMKGYILNLTIRGQGVVKNQGREFVCRPGDILLFPPGEISHPGRHPEAREWYGQWVYFRPRAYWHEW,91,C,PNGSPG
MAEAQNDPLLPGYSFNAHLVAGLKPIEANGYLDFFIDCPLGMKGYILNLTIRGQGVVKNQGREFVCRPGDILLFPPGEIIHTGRHPEAREWYGQWVYFRPRAYWHEW,91,C,PKCITG
MAEAQNDPLLPGYSFNAHLVAGLDPIEANGYLDFFIDPPLGMKGYILNLTIRGQGVVKNQGREFVCRPGDILLFPPGEIVHTGRHPEAREWYSQWVYFRPRAYWHEW,90,C,PDPVTS
MAEAQNDPLLPGYSFNAHLVAGLTPIEANGYLDFFIDAPLGMKGYILNLTIRGQGVVKNQGREFVCRPGDILLFPPGEIAHQGRHPEAREWYGQWVYFRPRAYWHEW,90,C,PTAAQG
MAEAQNDPLLPGYSFNAHLVAGLPPIEANGYLDFFIDRPLGMKGYILNLTIRGQGVVKNQGREFVCRPGDILLFPPGEIQHCGRHPEAREWYAQWVYFRPRAYWHEW,90,C,PPRQCA
MAEAQNDPLLPGYSFNAHLVAGLSPIEANGYLDFFIDAPLGMKGYILNLTIRGQGVVKNQGREFVCRPGDILLFPPGEIVHVGRHPEAREWYYQWVYFRPRAYWHEW,90,C,PSAVVY
MAEAQNDPLLPGYSFNAHLVAGLPPIEANGYLDFFIDGPLGMKGYILNLTIRGQGVVKNQGREFVCRPGDILLFPPGEIPHAGRHPEAREWYSQWVYFRPRAYWHEW,90,C,PPGPAS
MAEAQNDPLLPGYSFNAHLVAGLAPIEANGYLDFFIDRPLGMKGYILNLTIRGQGVVKNQGREFVCRPGDILLFPPGEISHTGRHPEAREWYSQWVYFRPRAYWHEW,89,C,PARSTS
MAEAQNDPLLPGYSFNAHLVAGLLPIEANGYLDFFIDFPLGMKGYILNLTIRGQGVVKNQGREFVCRPGDILLFPPGEIRHPGRHPEAREWYGQWVYFRPRAYWHEW,89,C,PLFRPG
MAEAQNDPLLPGYSFNAHLVAGLQPIEANGYLDFFIDHPLGMKGYILNLTIRGQGVVKNQGREFVCRPGDILLFPPGEIPHPGRHPEAREWYGQWVYFRPRAYWHEW,89,C,PQHPPG
MAEAQNDPLLPGYSFNAHLVAGLHPIEANGYLDFFIDRPLGMKGYILNLTIRGQGVVKNQGREFVCRPGDILLFPPGEIFHYGRHPEAREWYLQWVYFRPRAYWHEW,89,C,PHRFYL
MAEAQNDPLLPGYSFNAHLVAGLPPIEANGYLDFFIDGPLGMKGYILNLTIRGQGVVKNQGREFVCRPGDILLFPPGEIGHPGRHPEAREWYGQWVYFRPRAYWHEW,89,C,PPGGPG
MAEAQNDPLLPGYSFNAHLVAGLLPIEANGYLDFFIDVPLGMKGYILNLTIRGQGVVKNQGREFVCRPGDILLFPPGEIRHSGRHPEAREWYRQWVYFRPRAYWHEW,89,C,PLVRSR
MAEAQNDPLLPGYSFNAHLVAGLLPIEANGYLDFFIDQPLGMKGYILNLTIRGQGVVKNQGREFVCRPGDILLFPPGEIFHRGRHPEAREWYNQWVYFRPRAYWHEW,89,C,PLQFRN
MAEAQNDPLLPGYSFNAHLVAGLQPIEANGYLDFFIDQPLGMKGYILNLTIRGQGVVKNQGREFVCRPGDILLFPPGEIPHPGRHPEAREWYGQWVYFRPRAYWHEW,88,C,PQQPPG
MAEAQNDPLLPGYSFNAHLVAGLWPIEANGYLDFFIDVPLGMKGYILNLTIRGQGVVKNQGREFVCRPGDILLFPPGEIAHSGRHPEAREWYVQWVYFRPRAYWHEW,88,C,PWVASV
MAEAQNDPLLPGYSFNAHLVAGL*PIEANGYLDFFIDGPLGMKGYILNLTIRGQGVVKNQGREFVCRPGDILLFPPGEILHGGRHPEAREWYGQWVYFRPRAYWHEW,88,C,P*GLGG
MAEAQNDPLLPGYSFNAHLVAGLIPIEANGYLDFFIDQPLGMKGYILNLTIRGQGVVKNQGREFVCRPGDILLFPPGEISHCGRHPEAREWYVQWVYFRPRAYWHEW,87,C,PIQSCV
MAEAQNDPLLPGYSFNAHLVAGLDPIEANGYLDFFIDSPLGMKGYILNLTIRGQGVVKNQGREFVCRPGDILLFPPGEIQHYGRHPEAREWYVQWVYFRPRAYWHEW,87,C,PDSQYV
MAEAQNDPLLPGYSFNAHLVAGLSPIEANGYLDFFIDLPLGMKGYILNLTIRGQGVVKNQGREFVCRPGDILLFPPGEIMHPGRHPEAREWYGQWVYFRPRAYWHEW,87,C,PSLMPG
MAEAQNDPLLPGYSFNAHLVAGLSPIEANGYLDFFIDWPLGMKGYILNLTIRGQGVVKNQGREFVCRPGDILLFPPGEILHHGRHPEAREWYQQWVYFRPRAYWHEW,87,C,PSWLHQ
MAEAQNDPLLPGYSFNAHLVAGLLPIEANGYLDFFIDVPLGMKGYILNLTIRGQGVVKNQGREFVCRPGDILLFPPGEIQHPGRHPEAREWYGQWVYFRPRAYWHEW,86,C,PLVQPG
MAEAQNDPLLPGYSFNAHLVEGLEPIEANGYLDFFIDGPLGMKGYILNLTIRGQGVVKNQGREFVCRPGDILLFPPGEIAHVGRHPEAREWYVQWVYFRPRAYWHEW,86,C,PEGAVV
MAEAQNDPLLPGYSFNAHLVAGLPPIEANGYLDFFIDSPLGMKGYILNLTIRGQGVVKNQGREFVCRPGDILLFPPGEIRHHGRHPEAREWYWQWVYFRPRAYWHEW,85,C,PPSRHW
MAEAQNDPLLPGYSFNAHLVAGLSPIEANGYLDFFIDRPLGMKGYILNLTIRGQGVVKNQGREFVCRPGDILLFPPGEIVHPGRHPEAREWYGQWVYFRPRAYWHEW,85,C,PSRVPG
MAEAQNDPLLPGYSFNAHLVAGLTPIEANGYLDFFIDEPLGMKGYILNLTIRGQGVVKNQGREFVCRPGDILLFPPGEISHVGRHPEAREW*LQWVYFRPRAYWHEW,84,C,PTESVL
MAEAQNDPLLPGYSFNAHLVAGLSPIEANGYLDFFIDGPLGMKGYILNLTIRGQGVVKNQGREFVCRPGDILLFPPGEITHPGRHPEAREWYGQWVYFRPRAYWHEW,84,C,PSGTPG
MAEAQNDPLLPGYSFNAHLVAGLDPIEANGYLDFFIDRPLGMKGYILNLTIRGQGVVKNQGREFVCRPGDILLFPPGEIPHPGRHPEAREWYLQWVYFRPRAYWHEW,84,C,PDRPPL
MAEAQNDPLLPGYSFNAHLVAGLQPIEANGYLDFFIDLPLGMKGYILNLTIRGQGVVKNQGREFVCRPGDILLFPPGEIPHFGRHPEAREWYGQWVYFRPRAYWHEW,84,C,PQLPFG
MAEAQNDPLLPGYSFNAHLVAGLPPIEANGYLDFFIDQPLGMKGYILNLTIRGQGVVKNQGREFVCRPGDILLFPPGEICHRGRHPEAREWYEQWVYFRPRAYWHEW,84,C,PPQCRE
MAEAQNDPLLPGYSFNAHLVAGLEPIEANGYLDFFIDVPLGMKGYILNLTIRGQGVVKNQGREFVCRPGDILLFPPGEIIHLGRHPEAREWYGQWVYFRPRAYWHEW,84,C,PEVILG
MAEAQNDPLLPGYSFNAHLVAGLHPIEANGYLDFFIDCPLGMKGYILNLTIRGQGVVKNQGREFVCRPGDILLFPPGEITHPGRHPEAREWYGQWVYFRPRAYWHEW,84,C,PHCTPG
MAEAQNDPLLPGYSFNAHLVAGLKPIEANGYLDFFIDPPLGMKGYILNLTIRGQGVVKNQGREFVCRPGDILLFPPGEIIHAGRHPEAREWYCQWVYFRPRAYWHEW,84,C,PKPIAC
MAEAQNDPLLPGYSFNAHLVAGLSPIEANGYLDFFIDWPLGMKGYILNLTIRGQGVVKNQGREFVCRPGDILLFPPGEI*HYGRHPEAREWYGQWVYFRPRAYWHEW,83,C,PSW*YG
MAEAQNDPLLPGYSFNAHLVAGLEPIEANGYLDFFIDVPLGMKGYILNLTIRGQGVVKNQGREFVCRPGDILLFPPGEIYHPGRHPEAREWYGQWVYFRPRAYWHEW,83,C,PEVYPG
MAEAQNDPLLPGYSFNAHLVAGLEPIEANGYLDFFIDCPLGMKGYILNLTIRGQGVVKNQGREFVCRPGDILLFPPGEIHHPGRHPEAREWYLQWVYFRPRAYWHEW,83,C,PECHPL
MAEAQNDPLLPGYSFNAHLVAGLRPIEANGYLDFFIDPPLGMKGYILNLTIRGQGVVKNQGREFVCRPGDILLFPPGEIPHAGRHPEAREWYGQWVYFRPRAYWHEW,83,C,PRPPAG
MAEAQNDPLLPGYSFNAHLVAGLDPIEADGYLDFFIDWPLGMKGYILNLTIRGQGVVKNQGREFVCRPGDILLFPPGEIPHAGRHPEAREWYWQWVYFRPRAYWHEW,82,C,PDWPAW
MAEAQNDPLLPGYSFNAHLVAGLSPIEANGYLDFFIDGPLGMKGYILNLTIRGQGVVKNQGREFVCRPGDILLFPPGEIHHPGRHPEAREWYGQWVYFRPRAYWHEW,82,C,PSGHPG
MAEAQNDPLLPGYSFNAHLVAGLEPIEANGYLDFFIDGPLGMKGYILNLTIRGQGVVKNQGREFVCRPGDILLFPPGEIMHPGRHPEAREWYSQWVYFRPRAYWHEW,82,C,PEGMPS
MAEAQNDPLLPGYSFNAHLVAGLEPIEANGYLDFFIDRPLGMKGYILNLTIRGQGVVKNQGREFVCRPGDILLFPPGEINHPGRHPEAREWYSQWVYFRPRAYWHEW,82,C,PERNPS
MAEAQNDPLLPGYSFNAHLVAGLQPIEANGYLDFFIDGPLGMKGYILNLTIRGQGVVKNQGREFVCRPGDILLFPPGEIPHPGRHPEAREWYGQWVYFRPRAYWHEW,82,C,PQGPPG
MAEAQNDPLLPGYSFNAHLVAGLHPIEANGYLDFFIDAPLGMKGYILNLTIRGQGVVKNQGREFVCRPGDILLFPPGEIPHAGRHPEAREWYAQWVYFRPRAYWHEW,81,C,PHAPAA
MAEAQNDPLLPGYSFNAHLVAGLEPIEANGYLDFFIDDPLGMKGYILNLTIRGQGVVKNQGREFVCRPGDILLFPPGEINHTGRHPEAREWYCQWVYFRPRAYWHEW,81,C,PEDNTC
MAEAQNDPLLPGYSFNAHLVAGLNPIEANGYLDFFIDLPLGMKGYILNLTIRGQGVVKNQGREFVCRPGDILLFPPGEIEHQGRHPEAREWYLQWVYFRPRAYWHEW,81,C,PNLEQL
MAEAQNDPLLPGYSFNAHLVAGLTPIEANGYLDFFIDPPLGMKGYILNLTIRGQGVVKNQGREFVCRPGDILLFPPGEIPHGGRHPEAREWYRQWVYFRPRAYWHEW,80,C,PTPPGR
MAEAQNDPLLPGYSFNAHLVAGLLPIEANGYLDFFIDAPLGMKGYILNLTIRGQGVVKNQGREFVCRPGDILLFPPGEIHHLGRHPEAREWYGQWVYFRPRAYWHEW,80,C,PLAHLG
MAEAQNDPLLPGYSFNAHLVAGLRPIEANGYLDFFIDLPLGMKGYILNLTIRGQGVVKNQGREFVCRPGDILLFPPGEIAHLGRHPEAREWYGQWVYFRPRAYWHEW,80,C,PRLALG
MAEAQNDPLLPGYSFNAHLVAGLLPIEANGYLDFFIDGPLGMKGYILNLTIRGQGVVKNQGREFVCRPGDILLFPPGEIRHQGRHPEAREWY*QWVYFRPRAYWHEW,80,C,PLGRQ*
MAEAQNDPLLPGYSFNAHLVAGLDPIEANGYLDFFIDGPLGMKGYILNLTIRGQGVVKNQGREFVCRPGDILLFPPGEIKHFGRHPEAREWYWQWVYFRPRAYWHEW,80,C,PDGKFW
MAEAQNDPLLPGYSFNAHLVAGLPPIEANGYLDFFIDCPLGMKGYILNLTIRGQGVVKNQGREFVCRPGDILLFPPGEIEHNGRHPEAREWYWQWVYFRPRAYWHEW,80,C,PPCENW
MAEAQNDPLLPGYSFNAHLVAGLEPIEANGYLDFFIDHPLGMKGYILNLTIRGQGVVKNQGREFVCRPGDILLFPPGEIVHAGRHPEAREWYKQWVYFRPRAYWHEW,79,C,PEHVAK
MAEAQNDPLLPGYSFNAHLVAGLNPIEANGYLDFFIDVPLGMKGYILNLTIRGQGVVKNQGREFVCRPGDILLFPPGEIPHQGRHPEAREWYGQWVYFRPRAYWHEW,79,C,PNVPQG
MAEAQNDPLLPGYSFNAHLVAGLSPIEANGYLDFFIDKPLGMKGYILNLTIRGQGVVKNQGREFVCRPGDILLFPPGEIGHPGRHPEAREWYAQWVYFRPRAYWHEW,79,C,PSKGPA
MAEAQNDPLLPGYSFNAHLVAGLEPIEANGYLDFFIDGPLGMKGYILNLTIRGQGVVKNQGREFVCRPGDILLFPPGEIFHLGRHPEAREWYGQWVYFRPRAYWHEW,79,C,PEGFLG
MAEAQNDPLLPGYSFNAHLVAGLDPIEANGYLDFFIDSPLGMKGYILNLTIRGQGVVKNQGREFVCRPGDILLFPPGEIDHVGRHPEAREWYVQWVYFRPRAYWHEW,79,C,PDSDVV
MAEAQNDPLLPGYSFNAHLVAGLPPIEANGYLDFFIDQPLGMKGYILNLTIRGQGVVKNQGREFVCRPGDILLFPPGEIHH*GRHPEAREWY*QWVYFRPRAYWHEW,79,C,PPQH**
MAEAQNDPLLPGYSFNAHLVAGLKPIEANGYLDFFIDLPLGMKGYILNLTIRGQGVVKNQGREFVCRPGDILLFPPGEIPHLGRHPEAREWYGQWVYFRPRAYWHEW,78,C,PKLPLG
MAEAQNDPLLPGYSFNAHLVAGLDPIEANGYLDFFIDPPLGMKGYILNLTIRGQGVVKNQGREFVCRPGDILLFPPGEIHHAGRHPEAREWYLQWVYFRPRAYWHEW,78,C,PDPHAL
MAEAQNDPLLPGYSFNAHLVAGLEPIEANGYLDFFIDRPLGMKGYILNLTIRGQGVVKNQGREFVCRPGDILLFPPGEIPHPGRHPEAREWYFQWVYFRPRAYWHEW,78,C,PERPPF
MAEAQNDPLLPGYSFNAHLVAGLPPIEANGYLDFFIDGPLGMKGYILNLTIRGQGVVKNQGREFVCRPGDILLFPPGEITHPGRHPEAREWYGQWVYFRPRAYWHEW,78,C,PPGTPG
MAEAQNDPLLPGYSFNAHLVAGLHPIEANGYLDFFIDDPLGMKGYILNLTIRGQGVVKNQGREFVCRPGDILLFPPGEIKHEGRHPEAREWYLQWVYFRPRAYWHEW,78,C,PHDKEL
MAEAQNDPLLPGYSFNAHLVAGLKPIEANGYLDFFIDGPLGMKGYILNLTIRGQGVVKNQGREFVCRPGDILLFPPGEITHTGRHPEAREWYAQWVYFRPRAYWHEW,78,C,PKGTTA
MAEAQNDPLLPGYSFNAHLVAGLLPIEANGYLDFFIDRPLGMKGYILNLTIRGQGVVKNQGREFVCRPGDILLFPPGEIMHPGRHPEAREWYGQWVYFRPRAYWHEW,78,C,PLRMPG
MAEAQNDPLLPGYSFNAHLVAGLMPIEANGYLDFFIDCPLGMKGYILNLTIRGQGVVKNQGREFVCRPGDILLFPPGEILHPGRHPEAREWYGQWVYFRPRAYWHEW,78,C,PMCLPG
MAEAQNDPLLPGYSFNAHLVAGLHPIEANGYLDFFIDRPLGMKGYILNLTIRGQGVVKNQGREFVCRPGDILLFPPGEITHRGRHPEAREWYKQWVYFRPRAYWHEW,77,C,PHRTRK
MAEAQNDPLLPGYSFNAHLVAGLLPIEANGYLDFFIDGPLGMKGYILNLTIRGQGVVKNQGREFVCRPGDILLFPPGEIMHKGRHPEAREWYRQWVYFRPRAYWHEW,77,C,PLGMKR
MAEAQNDPLLPGYSFNAHLVAGL*PIEANGYLDFFIDRPLGMKGYILNLTIRGQGVVKNQGREFVCRPGDILLFPPGEIPHSGRHPEAREWYAQWVYFRPRAYWHEW,77,C,P*RPSA
MAEAQNDPLLPGYSFNAHLVAGLDPIEANGYLDFFIDAPLGMKGYILNLTIRGQGVVKNQGREFVCRPGDILLFPPGEILHPGRHPEAREWYLQWVYFRPRAYWHEW,77,C,PDALPL
MAEAQNDPLLPGYSFNAHLVAGLGPIEANGYLDFFIDSPLGMKGYILNLTIRGQGVVKNQGREFVCRPGDILLFPPGEIQHPGRHPEAREWYEQWVYFRPRAYWHEW,76,C,PGSQPE
MAEAQNDPLLPGYSFNAHLVAGLEPIEANGYLDFFIDGPLGMKGYILNLTIRGQGVVKNQGREFVCRPGDILLFPPGEIFHVGRHPEAREWYRQWVYFRPRAYWHEW,76,C,PEGFVR
MAEAQNDPLLPGYSFNAHLVAGLEPIEANGYLDFFIDCPLGMKGYILNLTIRGQGVVKNQGREFVCRPGDILLFPPGEISHHGRHPEAREWYYQWVYFRPRAYWHEW,76,C,PECSHY
MAEAQNDPLLPGYSFNAHLVAGLTPIEANGYLDFFIDLPLGMKGYILNLTIRGQGVVKNQGREFVCRPGDILLFPPGEILHPGRHPEAREWYGQWVYFRPRAYWHEW,76,C,PTLLPG
MAEAQNDPLLPGYSFNAHLVAGLDPIEANGYLDFFIDRPLGMKGYILNLTIRGQGVVKNQGREFVCRPGDILLFPPGEIQHMGRHPEAREWYPQWVYFRPRAYWHEW,76,C,PDRQMP
MAEAQNDPLLPGYSFNAHLVAGLPPIEANGYLDFFIDHPLGMKGYILNLTIRGQGVVKNQGREFVCRPGDILLFPPGEIRHPGRHPEAREWYGQWVYFRPRAYWHEW,76,C,PPHRPG
MAEAQNDPLLPGYSFNAHLVAGLRPIEANGYLDFFIDEPLGMKGYILNLTIRGQGVVKNQGREFVCRPGDILLFPPGEIIHAGRHPEAREWYGQWVYFRPRAYWHEW,75,C,PREIAG
MAEAQNDPLLPGYSFNAHLVAGLPPIEANGYLDFFIDWPLGMKGYILNLTIRGQGVVKNQGREFVCRPGDILLFPPGEIPHAGRHPEAREWYGQWVYFRPRAYWHEW,75,C,PPWPAG
MAEAQNDPLLPGYSFNAHLVAGLPPIEANGYLDFFIDGPLGMKGYILNLTIRGQGVVKNQGREFVCRPGDILLFPPGEIYHRGRHPEAREWYYQWVYFRPRAYWHEW,75,C,PPGYRY
MAEAQNDPLLPGYSFNAHLVAGLEPIEANGYLDFFIDVPLGMKGYILNLTIRGQGVVKNQGREFVCRPGDILLFPPGEISHSGRHPEAREWYYQWVYFRPRAYWHEW,75,C,PEVSSY
MAEAQNDPLLPGYSFNAHLVAGLSPIEANGYLDFFIDNPLGMKGYILNLTIRGQGVVKNQGREFVCRPGDILLFPPGEIDHAGRHPEAREWYVQWVYFRPRAYWHEW,75,C,PSNDAV
MAEAQNDPLLPGYSFNAHLVAGLWPIEANGYLDFFLDSPLGMKGYILNLTIRGQGVVKNQGREFVCRPGDILLFPPGEIPHMGRHPEAREWY*QWVYFRPRAYWHEW,75,C,PWSPM*
MAEAQNDPLLPGYSFNAHLVAGLTPIEANGYLDFFIDSPLGMKGYILNLTIRGQGVVKNQGREFVCRPGDILLFPPGEIAHRGRHPEAREWYGQWVYFRPRAYWHEW,75,C,PTSARG
MAEAQNDPLLPGYSFNAHLVAGLDPIEANGYLDFFIDRPLGMKGYILNLTIRGQGVVKNQGREFVCRPGDILLFPPGEIEHYGRHPEAREWYIQWVYFRPRAYWHEW,75,C,PDREYI
MAEAQNDPLLPGYSFNAHLVAGLHPIEANGYLDFFIHGPLGMKGYILNLTIRGQGVVKNQGREFVCRPGDILLFPPGEISHSGRHPEAREWYCQWVYFRPRAYWHEW,75,C,PHGSSC
MAEAQNDPLLPGYSFNAHLVAGLFPIEANGYLDFFIDLPLGMKGYILNLTIRGQGVVKNQGREFVCRPGDILLFPPGEITHDGRHPEAREWYGQWVYFRPRAYWHEW,75,C,PFLTDG
MAEAQNDPLLPGYSFNAHLVAGLPPIEANGYLDFFIDQPLGMKGYILNLTIRGQGVVKNQGREFVCRPGDILLFPPGEIPHHGRHPEAREWYAQWVYFRPRAYWHEW,74,C,PPQPHA
MAEAQNDPLLPGYSFNAHLVAGLRPIEANGYLDFFIDRPLGMKGYILNLTIRGQGVVKNQGREFVCRPGDILLFPPGEISHHGRHPEAREWYMQWVYFRPRAYWHEW,74,C,PRRSHM
MAEAQNDPLLPGYSFNAHLVAGLPPIEANGYLDFFIDRPLGMKGYILNLTIRGQGVVKNQGREFVCRPGDILLFPPGEIRHPGRHPEAREWYGQWVYFRPRAYWHEW,74,C,PPRRPG
MAEAQNDPLLPGYSFNAHLVAGLPPIEANGYLDFFIDGPLGMKGYILNLTIRGQGVVKNQGREFVCRPGDILLFPPGEIDHPGRHPEAREWYGQWVYFRPRAYWHEW,74,C,PPGDPG
MAEAQNDPLLPGYSFNAHLVAGLSPIEANGYLDFFIDVPLGMKGYILNLTIRGQGVVKNQGREFVCRPGDILLFPPGEIPHLGRHPEAREWYCQWVYFRPRAYWHEW,74,C,PSVPLC
MAEAQNDPLLPGYSFNAHLVAGLRPIEANGYLDFFIDLPLGMKGYILNLTIRGQGVVKNQGREFVCRPGDILLFPPGEIGHAGRHPEAREWYSQWVYFRPRAYWHEW,74,C,PRLGAS
MAEAQNDPLLPGYSFNAHLVAGLEPIEANGYLDFFIDFPLGMKGYILNLTIRGQGVVKNQGREFVCRPGDILLFPPGEISHPGRHPEAREWYCQWVYFRPRAYWHEW,74,C,PEFSPC
MAEAQNDPLLPGYSFNAHLVAGLLPIEANGYLDFFIDWPLGMKGYILNLTIRGQGVVKNQGREFVCRPGDILLFPPGEIHHLGRHPEAREWYHQWVYFRPRAYWHEW,74,C,PLWHLH
MAEAQNDPLLPGYSFNAHLVAGLTPIEANGYLDFFIDSPLGMKGYILNLTIRGQGVVKNQGREFVCRPGDILLFPPGEIVHPGRHPEAREWYGQWVYFRPRAYWHEW,74,C,PTSVPG
MAEAQNDPLLPGYSFNAHLVAGLTPIEANGYLDFFIDRPLGMKGYILNLTIRGQGVVKNQGREFVCRPGDILLFPPGEIRHPGRHPEAREWYGQWVYFRPRAYWHEW,73,C,PTRRPG
MAEAQNDPLLPGYSFNAHLVAGLDPIEANGYLDFFIDSPLGMKGYILNLTIRGQGVVKNQGREFVCRPGDILLFPPGEIKHYGRHPEAREWYCQWVYFRPRAYWHEW,73,C,PDSKYC
MAEAQNDPLLPGYSFNAHLVAGLTPIEANGYLDFFIDWPLGMKGYILNLTIRGQGVVKNQGREFVCRPGDILLFPPGEISHHGRHPEAREWYAQWVYFRPRAYWHEW,73,C,PTWSHA
MAEAQNDPLLPGYSFNAHLVAGLQPIEANGYLDFFIDTPLGMKGYILNLTIRGQGVVKNQGREFVCRPGDILLFPPGEIRHPGRHPEAREWYGQWVYFRPRAYWHEW,73,C,PQTRPG
MAEAQNDPLLPGYSFNAHLVAGLDPIEANGYLDFFIDSPLGMKGYILNLTIRGQGVVKNQGREFVCRPGDILLFPPGEIEHAGRHPEAREWYMQWVYFRPRAYWHEW,73,C,PDSEAM
MAEAQNDPLLPGYSFNAHLVAGLTPIEANGYLDFFIDSPLGMKGYILNLTIRGQGVVKNQGREFVCRPGDILLFPPGEIMHPGRHPEAREWYGQWVYFRPRAYWHEW,73,C,PTSMPG
MAEAQNDPLLPGYSFNAHLVAGLTPIEANGYLDFFIDPPLGMKGYILNLTIRGQGVVKNQGREFVCRPGDILLFPPGEIGHPGRHPEAREWYVQWVYFRPRAYWHEW,72,C,PTPGPV
MAEAQNDPLLPGYSFNAHLVAGLGPIEANGYLDFFIDFPLGMKGYILNLTIRGQGVVKNQGREFVCRPGDILLFPPGEITHGGRHPEAREWYVQWVYFRPRAYWHEW,71,C,PGFTGV
MAEAQNDPLLPGYSFNAHLVAGLDPIEANGYLDFFIDRPLGMKGYILNLTIRGQGVVKNQGREFVCRPGDILLFPPGEILHPGRHPEAREWYGQWVYFRPRAYWHEW,71,C,PDRLPG
MAEAQNDPLLPGYSFNAHLVAGLPPIEANGYLDFFIDRPLGMKGYILNLTIRGQGVVKNQGREFVCRPGDILLFPPGEINHPGRHPEAREWYAQWVYFRPRAYWHEW,71,C,PPRNPA
MAEAQNDPLLPGYSFNAHLVAGLTPIEANGYLDFFIDRPLGMKGYILNLTIRGQGVVKNQGREFVCRPGDILLFPPGEITHPGRHPEAREWYGQWVYFRPRAYWHEW,71,C,PTRTPG
MAEAQNDPLLPGYSFNAHLVAGLNPIEANGYLDFFIDKPLGMKGYILNLTIRGQGVVKNQGREFVCRPGDILLFPPGEIPHIGRHPEAREWYGQWVYFRPRAYWHEW,71,C,PNKPIG
MAEAQNDPLLPGYSFNAHLVAGLRPIEANGYLDFFIDTPLGMKGYILNLTIRGQGVVKNQGREFVCRPGDILLFPPGEIMHQGRHPEAREWYFQWVYFRPRAYWHEW,70,C,PRTMQF
MAEAQNDPLLPGYSFNAHLVAGLTPIEANGYLDFFIDCPLGMKGYILNLTIRGQGVVKNQGREFVCRPGDILLFPPGEITHAGRHPEAREWYCQWVYFRPRAYWHEW,70,C,PTCTAC
MAEAQNDPLLPGYSFNAHLVAGLPPIEANGYLDFFIDRPLGMKGYILNLTIRGQGVVKNQGREFVCRPGDILLFPPGEIVHVGRHPEAREWYAQWVYFRPRAYWHEW,70,C,PPRVVA
MAEAQNDPLLPGYSFNAHLVAGLHPIEANGYLDFFIDPPLGMKGYILNLTIRGQGVVKNQGREFVCRPGDILLFPPGEIPHIGRHPEAREWYFQWVYFRPRAYWHEW,70,C,PHPPIF
MAEAQNDPLLPGYSFNAHLVAGLTPIEANGYLDFFIDSPLGMKGYILNLTIRGQGVVKNQGREFVCRPGDILLFPPGEISHAGRHPEAREWYRQWVYFRPRAYWHEW,70,C,PTSSAR
MAEAQNDPLLPGYSFNAHLVAGLVPIEANGYLDFFIDRPLGMKGYILNLTIRGQGVVKNQGREFVCRPGDILLFPPGEIFHPGRHPEAREWYGQWVYFRPRAYWHEW,70,C,PVRFPG
MAEAQNDPLLPGYSFNAHLVAGLTPIEANGYLDFFIDEPLGMKGYILNLTIRGQGVVKNQGREFVCRPGDILLFPPGEIRHPGRHPEAREWYGQWVYFRPRAYWHEW,70,C,PTERPG
MAEAQNDPLLPGYSFNAHLVAGLRPIEANGYLDFFIDWPLGMKGYILNLTIRGQGVVKNQGREFVCRPGDILLFPPGEISHLGRHPEAREWYFQWVYFRPRAYWHEW,69,C,PRWSLF
MAEAQNDPLLPGYSFNAHLVAGLPPIEANGYLDFFIDRPLGMKGYILNLTIRGQGVVKNQGREFVCRPGDILLFPPGEILHCGRHPEAREWYAQWVYFRPRAYWHEW,69,C,PPRLCA
MAEAQNDPLLPGYSFNAHLVAGLEPIEANGYLDFFIDAPLGMKGYILNLTIRGQGVVKNQGREFVCRPGDILLFPPGEIRHMGRHPEAREWYLQWVYFRPRAYWHEW,69,C,PEARML
MAEAQNDPLLPGYSFNAHLVAGLPPIEANGYLDFFIDGPLGMKGYILNLTIRGQGVVKNQGREFVCRPGDILLFPPGEMSTCGRHPEAREWYAQWVYFRPRAYWHEW,69,C,PPGSCA
MAEAQNDPLLPGYSFNAHLVAGLSPIEANGYLDFFIDIPLGMKGYILNLTIRGQGVVKNQGREFVCRPGDILLFPPGEIPHWGRHPEAREWYDQWVYFRPRAYWHEW,69,C,PSIPWD
MAEAQNDPLLPGYSFNAHLVAGLPPIEANGYLDFFIDCPLGMKGYILNLTIRGQGVVKNQGREFVCRPGDILLFPPGEITHLGRHPEAREWYSQWVYFRPRAYWHEW,69,C,PPCTLS
MAEAQNDPLLPGYSFNAHLVAGLDPIEANGYLDFFIDRPLGMKGYILNLTIRGQGVVKNQGREFVCRPGDILLFPPGEIRHIGRHPEAREWYYQWVYFRPRAYWHEW,68,C,PDRRIY
MAEAQNDPLLPGYSFNAHLVAGLCPIEANGYLDFFIDSPLGMKGYILNLTIRGQGVVKNQGREFVCRPGDILLFPPGEIPHAGRHPEAREWYLQWVYFRPRAYWHEW,68,C,PCSPAL
MAEAQNDPLLPGYSFNAHLVAGLNPIEANGYLDFFIDGPLGMKGYILNLTIRGQGVVKNQGREFVCRPGDILLFPPGEIEHTGRHPEAREWYAQWVYFRPRAYWHEW,68,C,PNGETA
MAEAQNDPLLPGYSFNAHLVAGLEPIEANGYLDFFIDCPLGMKGYILNLTIRGQGVVKNQGREFVCRPGDILLFPPGEIRHLGRHPEAREWYTQWVYFRPRAYWHEW,68,C,PECRLT
MAEAQNDPLLPGYSFNAHLVAGLLPIEANGYLDFFIDFPLGMKGYILNLTIRGQGVVKNQGREFVCRPGDILLFPPGEIPHTGRHPEAREWYQQWVYFRPRAYWHEW,68,C,PLFPTQ
MAEAQNDPLLPGYSFNAHLVAGLDPIEANGYLDFFIDTPLGMKGYILNLTIRGQGVVKNQGREFVCRPGDILLFPPGEIWHAGRHPEAREWYGQWVYFRPRAYWHEW,68,C,PDTWAG
MAEAQNDPLLPGYSFNAHLVAGLQPIEANGYLDFFIDGPLGMKGYILNLTIRGQGVVKNQGREFVCRPGDILLFPPGEIVHAGRHPEAREWYAQWVYFRPRAYWHEW,68,C,PQGVAA
MAEAQNDPLLPGYSFNAHLVAGLEPIEANGYLDFFIDLPLGMKGYILNLTIRGQGVVKNQGREFVCRPGDILLFPPGEIAHPGRHPEAREWYTQWVYFRPRAYWHEW,68,C,PELAPT
MAEAQNDPLLPGYSFNAHLVAGLPPIEANGYLDFFIDRPLGMKGYILNLTIRGQGVVKNQGREFVCRPGDILLFPPGEISHVGRHPEAREWYAQWVYFRPRAYWHEW,68,C,PPRSVA
MAEAQNDPLLPGYSFNAHLVAGLLPIEANGYLDFFIDRPLGMKGYILNLTIRGQGVVKNQGREFVCRPGDILLFPPGEIYHPGRHPEAREWYGQWVYFRPRAYWHEW,67,C,PLRYPG
MAEAQNDPLLPGYSFNAHLVAGLDPIEANGYLDFFIDCPLGMKGYILNLTIRGQGVVKNQGREFVCRPGDILLFPPGEIPHGGRHPEAREWYVQWVYFRPRAYWHEW,67,C,PDCPGV
MAEAQNDPLLPGYSFNAHLVAGLAPIEANGYLDFFIDGPLGMKGYILNLTIRGQGVVKNQGREFVCRPGDILLFPPGEISHAGRHPEAREWYGQWVYFRPRAYWHEW,67,C,PAGSAG
MAEAQNDPLLPGYSFNAHLVAGLEPIEANGYLDFFIDAPLGMKGYILNLTIRGQGVVKNQGREFVCRPGDILLFPPGEICHPGRHPEAREWYGQWVYFRPRAYWHEW,67,C,PEACPG
MAEAQNDPLLPGYSFNAHLVAGLPPIEANGYLDFFIDFPLGMKGYILNLTIRGQGVVKNQGREFVCRPGDILLFPPGEIPHTGRHPEAREWYGQWVYFRPRAYWHEW,67,C,PPFPTG
MAEAQNDPLLPGYSFNAHLVAGLKPIEANGYLDFFIDVPLGMKGYILNLTIRGQGVVKNQGREFVCRPGDILLFPPGEIQHPGRHPEAREWYGQWVYFRPRAYWHEW,67,C,PKVQPG
MAEAQNDPLLPGYSFNAHLVAGLDPIEANGYLDFFIDPPLGMKGYILNLTIRGQGVVKNQGREFVCRPGDILLFPPGEINHSGRHPEAREWYQQWVYFRPRAYWHEW,66,C,PDPNSQ
MAEAQNDPLLPGYSFNAHLVAGLSPIEANGYLDFFIDLPLGMKGYILNLTIRGQGVVKNQGREFVCRPGDILLFPPGEITHVGRHPEAREWY*QWVYFRPRAYWHEW,66,C,PSLTV*
MAEAQNDPLLPGYSFNAHLVAGLNPIEANGYLDFFIDFPLGMKGYILNLTIRGQGVVKNQGREFVCRPGDILLFPPGEIQHTGRHPEAREWYSQWVYFRPRAYWHEW,66,C,PNFQTS
MAEAQNDPLLPGYSFNAHLVAGLPPIEANGYLDFFIDRPLGMKGYILNLTIRGQGVVKNQGREFVCRPGDILLFPPGEITHPGRHPEAREWYGQWVYFRPRAYWHEW,65,C,PPRTPG
MAEAQNDPLLPGYSFNAHLVAGLQPIEANGYLDFFIDLPLGMKGYILNLTIRGQGVVKNQGREFVCRPGDILLFPPGEIKHNGRHPEAREWYRQWVYFRPRAYWHEW,65,C,PQLKNR
MAEAQNDPLLPGYSFNAHLVAGLDPIEANGYLDFFIDEPLGMKGYILNLTIRGQGVVKNQGREFVCRPGDILLFPPGEISHWGRHPEAREWYTQWVYFRPRAYWHEW,65,C,PDESWT
MAEAQNDPLLPGYSFNAHLVAGLPPIEANGYLDFFIDRPLGMKGYILNLTIRGQGVVKNQGREFVCRPGDILLFPPGEIAHLGRHPEAREWYWQWVYFRPRAYWHEW,64,C,PPRALW
MAEAQNDPLLPGYSFNAHLVAGLPPIEANGYLDFFIDSPLGMKGYILNLTIRGQGVVKNQGREFVCRPGDILLFPPGEISHPGRHPEAREWYGQWVYFRPRAYWHEW,64,C,PPSSPG
MAEAQNDPLLPGYSFNAHLVAGLMPIEANGYLDFFIDAPLGMKGYILNLTIRGQGVVKNQGREFVCRPGDILLFPPGEIAHHGRHPEAREWYLQWVYFRPRAYWHEW,64,C,PMAAHL
MAEAQNDPLLPGYSFNAHLVAGLPPIEANGYLDFFIDNPLGMKGYILNLTIRGQGVVKNQGREFVCRPGDILLFPPGEIQHDGRHPEAREWYPQWVYFRPRAYWHEW,64,C,PPNQDP
MAEAQNDPLLPGYSFNAHLVAGLDPIEANGYLDFFIDVPLGMKGYILNLTIRGQGVVKNQGREFVCRPGDILLFPPGEIIHPGRHPEAREWYAQWVYFRPRAYWHEW,64,C,PDVIPA
MAEAQNDPLLPGYSFNAHLVAGLSPIEANGYLDFFIGGPLGMKGYILNLTIRGQGVVKNQGREFVCRPGDILLFPPGEIKHYGRHPEAREWYQQWVYFRPRAYWHEW,64,C,PSGKYQ
MAEAQNDPLLPGYSFNAHLVAGLTPIEANGYLDFFIDDPLGMKGYILNLTIRGQGVVKNQGREFVCRPGDILLFPPGEICHPGRHPEAREWYGQWVYFRPRAYWHEW,64,C,PTDCPG
MAEAQNDPLLPGYSFNAHLVAGLEPIEANGYLDFFIDSPLGMKGYILNLTIRGQGVVKNQGREFVCRPGDILLFPPGEITHGGRHPEAREWYGQWVYFRPRAYWHEW,64,C,PESTGG
MAEAQNDPLLPGYSFNAHLVAGLPPIEANGYLDFFID*PLGMKGYILNLTIRGQGVVKNQGREFVCRPGDILLFPPGEIDHRGRHPEAREWYQQWVYFRPRAYWHEW,64,C,PP*DRQ
MAEAQNDPLLPGYSFNAHLVAGLSPIEANGYLDFFIDSPLGMKGYILNLTIRGQGVVKNQGREFVCRPGDILLFPPGEILHPGRHPEAREWYGQWVYFRPRAYWHEW,64,C,PSSLPG
MAEAQNDPLLPGYSFNAHLVAGLNPIEANGYLDFFIDYPLGMKGYILNLTIRGQGVVKNQGREFVCRPGDILLFPPGEIPHPGRHPEAREWYCQWVYFRPRAYWHEW,64,C,PNYPPC
MAEAQNDPLLPGYSFNAHLVAGLDPIEANGYLDFFIDRPLGMKGYILNLTIRGQGVVKNQGREFVCRPGDILLFPPGEIGHAGRHPEAREWYGQWVYFRPRAYWHEW,64,C,PDRGAG
MAEAQNDPLLPGYSFNAHLVAGLPPIEANGYLDFFIDSPLGMKGYILNLTIRGQGVVKNQGREFVCRPGDILLFPPGEIPHMGRHPEAREWYGQWVYFRPRAYWHEW,63,C,PPSPMG
MAEAQNDPLLPGYSFNAHLVAGLAPIEANGYLDFFIDPPLGMKGYILNLTIRGQGVVKNQGREFVCRPGDILLFPPGEIIHAGRHPEAREWYAQWVYFRPRAYWHEW,63,C,PAPIAA
MAEAQNDPLLPGYSFNAHLVAGLDPIEANGYLDFFIDRPLGMKGYILNLTIRGQGVVKNQGREFVCRPGDILLFPPGEIDHSGRHPEAREWYQQWVYFRPRAYWHEW,63,C,PDRDSQ
MAEAQNDPLLPGYSFNAHLVAGL*PIEANGYLDFFIDRPLGMKGYILNLTIRGQGVVKNQGREFVCRPGDILLFPPGEIFHTGRHPEAREWYRQWVYFRPRAYWHEW,63,C,P*RFTR
MAEAQNDPLLPGYSFNAHLVAGLSPIEANGYLDFFIDVPLGMKGYILNLTIRGQGVVKNQGREFVCRPGDILLFPPGEIAHDGRHPEAREWYCQWVYFRPRAYWHEW,63,C,PSVADC
MAEAQNDPLLPGYSFNAHLVAGLKPIEANGYLDFFIDLPLGMKGYILNLTIRGQGVVKNQGREFVCRPGDILLFPPGEISHTGRHPEAREWYAQWVYFRPRAYWHEW,63,C,PKLSTA
MAEAQNDPLLPGYSFNAHLVAGLPPIEANGYLDFFIDRPLGMKGYILNLTIRGQGVVKNQGREFVCRPGDILLFPPGEIPHAGRHPEAREWYGQWVYFRPRAYWHEW,63,C,PPRPAG
MAEAQNDPLLPGYSFNAHLVAGLKPIEANGYLDFFIDRPLGMKGYILNLTIRGQGVVKNQGREFVCRPGDILLFPPGEIAHTGRHPEAREWYGQWVYFRPRAYWHEW,63,C,PKRATG
MAEAQNDPLLPGYSFNAHLVAGLAPIEANGYLDFFIDLPLGMKGYILNLTIRGQGVVKNQGREFVCRPGDILLFPPGEIRHTGRHPEAREWYSQWVYFRPRAYWHEW,63,C,PALRTS
MAEAQNDPLLPGYSFNAHLVAGLDPIEANGYLDFFIDMPLGMKGYILNLTIRGQGVVKNQGREFVCRPGDILLFPPGEISHCGRHPEAREWYVQWVYFRPRAYWHEW,62,C,PDMSCV
MAEAQNDPLLPGYSFNAHLVAGLGPIEANGYLDFFIDPPLGMKGYILNLTIRGQGVVKNQGREFVCRPGDILLFPPGEIHHMGRHPEAREWYAQWVYFRPRAYWHEW,62,C,PGPHMA
MAEAQNDPLLPGYSFNAHLVAGLSPIEANGYLDFFIDWPLGMKGYILNLTIRGQGVVKNQGREFVCRPGDILLFPPGEIKHPGRHPEAREWYGQWVYFRPRAYWHEW,62,C,PSWKPG
MAEAQNDPLLPGYSFNAHLVAGLLPIEANGYLDFFIDKPLGMKGYILNLTIRGQGVVKNQGREFVCRPGDILLFPPGEIHHPGRHPEAREWYGQWVYFRPRAYWHEW,62,C,PLKHPG
MAEAQNDPLLPGYSFNAHLVAGLTPIEADGYLDFFIDRPLGMKGYILNLTIRGQGVVKNQGREFVCRPGDILLFPPGEIMHTGRHPEAREWYQQWVYFRPRAYWHEW,62,C,PTRMTQ
MAEAQNDPLLPGYSFNAHLVAGLPPIEANGYLDFFIDPPLGMKGYILNLTIRGQGVVKNQGREFVCRPGDILLFPPGEIQHAGRHPEAREWYVQWVYFRPRAYWHEW,62,C,PPPQAV
MAEAQNDPLLPGYSFNAHLVAGLDPIEANGYLDFFIDRPLGMKGYILNLTIRGQGVVKNQGREFVCRPGDILLFPPGEIPHQGRHPEAREWYMQWVYFRPRAYWHEW,61,C,PDRPQM
MAEAQNDPLLPGYSFNAHLVAGLEPIEANGYLDFFIDHPLGMKGYILNLTIRGQGVVKNQGREFVCRPGDILLFPPGEIVHPGRHPEAREWYRQWVYFRPRAYWHEW,61,C,PEHVPR
MAEAQNDPLLPGYSFNAHLVAGLRPIEANGYLDFFIDMPLGMKGYILNLTIRGQGVVKNQGREFVCRPGDILLFPPGEI*HTGRHPEAREWYTQWVYFRPRAYWHEW,61,C,PRM*TT
MAEAQNDPLLPGYSFNAHLVAGLRPIEANGYLDFFIDLPLGMKGYILNLTIRGQGVVKNQGREFVCRPGDILLFPPGEIGHAGRHPEAREWYCQWVYFRPRAYWHEW,61,C,PRLGAC
MAEAQNDPLLPGYSFNAHLVAGLVPIEANGYLDFFIDLPLGMKGYILNLTIRGQGVVKNQGREFVCRPGDILLFPPGEIAHPGRHPEAREWYGQWVYFRPRAYWHEW,61,C,PVLAPG
MAEAQNDPLLPGYSFNAHLVAGLQPIEANGYLDFFIDTPLGMKGYILNLTIRGQGVVKNQGREFVCRPGDILLFPPGEIVHPGRHPEAREWYGQWVYFRPRAYWHEW,61,C,PQTVPG
MAEAQNDPLLPGYSFNAHLVAGLRPIEANGYLDFFIDVPLGMKGYILNLTIRGQGVVKNQGREFVCRPGDILLFPPGEITHTGRHPEAREWYPQWVYFRPRAYWHEW,61,C,PRVTTP
MAEAQNDPLLPGYSFNAHLVAGLEPIEANGYLDFFIDRPLGMKGYILNLTIRGQGVVKNQGREFVCRPGDILLFPPGEIPHVGRHPEAREWYVQWVYFRPRAYWHEW,61,C,PERPVV
MAEAQNDPLLPGYSFNAHLVAGLLPIEANGYLDFFIDWPLGMKGYILNLTIRGQGVVKNQGREFVCRPGDILLFPPGEIKHVGRHPEAREWYDQWVYFRPRAYWHEW,61,C,PLWKVD
MAEAQNDPLLPGYSFNAHLVAGLTPIEANGYLDFFIDGPLGMKGYILNLTIRGQGVVKNQGREFVCRPGDILLFPPGEIPHTGRHPEAREWYGQWVYFRPRAYWHEW,60,C,PTGPTG
MAEAQNDPLLPGYSFNAHLVAGLMPIEANGYLDFFIDTPLGMKGYILNLTIRGQGVVKNQGREFVCRPGDILLFPPGEIPHLGRHPEAREWYGQWVYFRPRAYWHEW,60,C,PMTPLG
MAEAQNDPLLPGYSFNAHLVAGLAPIEANGYLDFFIDSPLGMKGYILNLTIRGQGVVKNQGREFVCRPGDILLFPPGEIAHAGRHPEAREWYPQWVYFRPRAYWHEW,60,C,PASAAP
MAEAQNDPLLPGYSFNAHLVAGLSPIEANGYLDFFIDCPLGMKGYILNLTIRGQGVVKNQGREFVCRPGDILLFPPGEIPHAGRHPEAREWYGQWVYFRPRAYWHEW,60,C,PSCPAG
MAEAQNDPLLPGYSFNAHLVAGLGPIEANGYLDFFIDAPLGMKGYILNLTIRGQGVVKNQGREFVCRPGDILLFPPGEIYHGGRHPEAREWYGQWVYFRPRAYWHEW,60,C,PGAYGG
MAEAQNDPLLPGYSFNAHLVAGLPPTEANGYLDFFIDQPLGMKGYILNLTIRGQGVVKNQGREFVCRPGDILLFPPGEIGHLGRHPEAREWYHQWVYFRPRAYWHEW,60,C,PPQGLH
MAEAQNDPLLPGYSFNAHLVAGLTPIEANGYLDFFIDCPLGMKGYILNLTIRGQGVVKNQGREFVCRPGDILLFPPGEISHEGRHPEAREWYQQWVYFRPRAYWHEW,60,C,PTCSEQ
MAEAQNDPLLPGYSFNAHLVAGLTPIEANGYLDFFIDRPLGMKGYILNLTIRGQGVVKNQGREFVCRPGDILLFPPGEISHSGRHPEAREWYHQWVYFRPRAYWHEW,60,C,PTRSSH
MAEAQNDPLLPGYSFNAHLVAGLGPIEANGYLDFFIDAPLGMKGYILNLTIRGQGVVKNQGREFVCRPGDILLFPPGEIKHAGRHPEAREWYVQWVYFRPRAYWHEW,60,C,PGAKAV
MAEAQNDPLLPGYSFNAHLVAGLTPIEANGYLDFFIDSPLGMKGYILNLTIRGQGVVKNQGREFVCRPGDILLFPPGEIFHPGRHPEAREWYVQWVYFRPRAYWHEW,60,C,PTSFPV
MAEAQNDPLLPGYSFNAHLVAGLKPIEANGYLDFFIDDPLGMKGYILNLTIRGQGVVKNQGREFVCRPGDILLFPPGEICHSGRHPEAREWYRQWVYFRPRAYWHEW,60,C,PKDCSR
MAEAQNDPLLPGYSFNAHLVAGLSPIEANGYLDFFIDMPLGMKGYILNLTIRGQGVVKNQGREFVCRPGDILLFPPGEITHPGRHPEAREWYGQWVYFRPRAYWHEW,60,C,PSMTPG
MAEAQNDPLLPGYSFNAHLVAGLCPIEANGYLDFFIDAPLGMKGYILNLTIRGQGVVKNQGREFVCRPGDILLFPPGEIDHPGRHPEAREWYGQWVYFRPRAYWHEW,60,C,PCADPG
MAEAQNDPLLPGYSFNAHLVAGL*PIEANGYLDFFIDMPLGMKGYILNLTIRGQGVVKNQGREFVCRPGDILLFPPGEI*HPGRHPEAREWYDQWVYFRPRAYWHEW,60,C,P*M*PD
MAEAQNDPLLPGYSFNAHLVAGLPPIEANGYLDFFIDMPLGMKGYILNLTIRGQGVVKNQGREFVCRPGDILLFPPGEIIHTGRHPEAREWYCQWVYFRPRAYWHEW,59,C,PPMITC
MAEAQNDPLLPGYSFNAHLVAGLPPIEANGYLDFFIDPPLGMKGYILNLTIRGQGVVKNQGREFVCRPGDILLFPPGEITHIGRHPEAREWYKQWVYFRPRAYWHEW,59,C,PPPTIK
MAEAQNDPLLPGYSFNAHLVAGLTPIEANGYLDFFIDTPLGMKGYILNLTIRGQGVVKNQGREFVCRPGDILLFPPGEIRHVGRHPEAREWYAQWVYFRPRAYWHEW,59,C,PTTRVA
MAEAQNDPLLPGYSFNAHLVAGLSPIEANGYLDFFIDRPLGMKGYILNLTIRGQGVVKNQGREFVCRPGDILLFPPGEIPHLGRHPEAREWYPQWVYFRPRAYWHEW,59,C,PSRPLP
MAEAQNDPLLPGYSFNAHLVAGLPPIEANGYLDFFIDCPLGMKGYILNLTIRGQGVVKNQGREFVCRPGDILLFPPGEITHNGRLPEAREWY*QWVYFRPRAYWHEW,59,C,PPCTN*
MAEAQNDPLLPGYSFNAHLVAGLYPIEANGYLDFFIDCPLGMKGYILNLTIRGQGVVKNQGREFVCRPGDILLFPPGEIPHPGRHPEAREWYGQWVYFRPRAYWHEW,59,C,PYCPPG
MAEAQNDPLLPGYSFNAHLVAGLSPIEANGYLDFFIDDPLGMKGYILNLTIRGQGVVKNQGREFVCRPGDILLFPPGEIFHTGRHPEAREWYLQWVYFRPRAYWHEW,59,C,PSDFTL
MAEAQNDPLLPGYSFNAHLVAGLQPIEANGYLDFFIDAPLGMKGYILNLTIRGQGVVKNQGREFVCRPGDILLFPPGEIKHPGRHPEAREWYKQWVYFRPRAYWHEW,59,C,PQAKPK
MAEAQNDPLLPGYSFNAHLVAGLDPIEANGYLDFFIDGPLGMKGYILNLTIRGQGVVKNQGREFVCRPGDILLFPPGEIMHPGRHPEAREWYTQWVYFRPRAYWHEW,59,C,PDGMPT
MAEAQNDPLLPGYSFNAHLVAGLKPIEANGYLDFFIDFPLGMKGYILNLTIRGQGVVKNQGREFVCRPGDILLFPPGEIPHLGRHPEAREWYGQWVYFRPRAYWHEW,59,C,PKFPLG
MAEAQNDPLLPGYSFNAHLVAGLIPIEANGYLDFFIDWPLGMKGYILNLTIRGQGVVKNQGREFVCRPGDILLFPPGEIHHLGRHPEAREWYFQWVYFRPRAYWHEW,59,C,PIWHLF
MAEAQNDPLLPGYSFNAHLVAGLRPIEANGYLDFFIDLPLGMKGYILNLTIRGQGVVKNQGREFVCRPGDILLFPPGEIHHPGRHPEAREWYGQWVYFRPRAYWHEW,59,C,PRLHPG
MAEAQNDPLLPGYSFNAHLVAGLLPIEANGYLDFFIDSPLGMKGYILNLTIRGQGVVKNQGREFVCRPGDILLFPPGEIAHAGRHPEAREWYCQWVYFRPRAYWHEW,58,C,PLSAAC
MAEAQNDPLLPGYSFNAHLVAGLTPIEANGYLDFFIDRPLGMKGYILNLTIRGQGVVKNQGREFVCRPGDILLFPPGEIGHLGRHPEAREWYVQWVYFRPRAYWHEW,58,C,PTRGLV
MAEAQNDPLLPGYSFNAHLVAGLNPIEANGYLDFFIDSPLGMKGYILNLTIRGQGVVKNQGREFVCRPGDILLFPPGEIRHPGRHPEAREWYGQWVYFRPRAYWHEW,58,C,PNSRPG
MAEAQNDPLLPGYSFNAHLVAGLEPIEANGYLDFFIDGPLGMKGYILNLTIRGQGVVKNQGREFVCRPGDILLFPPGEIAHLGRHPEAREWYGQWVYFRPRAYWHEW,58,C,PEGALG
MAEAQNDPLLPGYSFNAHLVAGLLPIEANGYLDFFIDGPLGMKGYILNLTIRGQGVVKNQGREFVCRPGDILLFPPGEISHPGRHPEAREWYGQWVYFRPRAYWHEW,58,C,PLGSPG
MAEAQNDPLLPGYSFNAHLVAGLSPIEANGYLDFFIDLPLGMKGYILNLTIRGQGVVKNQGREFVCRPGDILLFPPGEITHPGRHPEAREWYGQWVYFRPRAYWHEW,58,C,PSLTPG
MAEAQNDPLLPGYSFNAHLVAGLAPIEANGYLDFFIDSPLGMKGYILNLTIRGQGVVKNQGREFVCRPGDILLFPPGEIRHFGRHPEAREWYLQWVYFRPRAYWHEW,58,C,PASRFL
MAEAQNDPLLPGYSFNAHLVAGLGPIEANGYLDFFIDAPLGMKGYILNLTIRGQGVVKNQGREFVCRPGDILLFPPGEIFHGGRHPEAREWYGQWVYFRPRAYWHEW,58,C,PGAFGG
MAEAQNDPLLPGYSFNAHLVAGLKPIEANGYLDFFIDSPLGMKGYILNLTIRGQGVVKNQGREFVCRPGDILLFPPGEIGHTGRHPEAREWYLQWVYFRPRAYWHEW,58,C,PKSGTL
MAEAQNDPLLPGYSFNAHLVAGLMPIEANGYLDFFIDRPLGMKGYILNLTIRGQGVVKNQGREFVCRPGDILLFPPGEIYHPGRHPEAREWYGQWVYFRPRAYWHEW,58,C,PMRYPG
MAEAQNDPLLPGYSFNAHLVAGLPPIEANGYLDFFIDRPLGMKGYILNLTIRGQGVVKNQGREFVCRPGDILLFPPGEIPHTGRHPEAREWYGQWVYFRPRAYWHEW,57,C,PPRPTG
MAEAQNDPLLPGYSFNAHLVAGLMPIEANGYLDFFIDSPLGMKGYILNLTIRGQGVVKNQGREFVCRPGDILLFPPGEITHPGRHPEAREWYLQWVYFRPRAYWHEW,57,C,PMSTPL
MAEAQNDPLLPGYSFNAHLVAGLKPIEANGYLDFFIDMPLGMKGYILNLTIRGQGVVKNQGREFVCRPGDILLFPPGEIRHRGRHPEAREWYIQWVYFRPRAYWHEW,57,C,PKMRRI
MAEAQNDPLLPGYSFNAHLVAGLPPIEANGYLDFFIDMPLGMKGYILNLTIRGQGVVKNQGREFVCRPGDILLFPPGEIGHPGRHPEAREWYGQWVYFRPRAYWHEW,57,C,PPMGPG
MAEAQNDPLLPGYSFNAHLVAGLDPIEANGYLDFFIDIPLGMKGYILNLTIRGQGVVKNQGREFVCRPGDILLFPPGEIPHTGRHPEAREWYTQWVYFRPRAYWHEW,57,C,PDIPTT
MAEAQNDPLLPGYSFNAHLVAGLPPIEANGYLDFFIDLPLGMKGYILNLTIRGQGVVKNQGREFVCRPGDILLFPPGEIAHLGRHPEAREWYWQWVYFRPRAYWHEW,57,C,PPLALW
MAEAQNDPLLPGYSFNAHLVAGLSPIEANGYLDFFIDQPLGMKGYILNLTIRGQGVVKNQGREFVCRPGDILLFPPGEI*HAGRHPEAREWYIQWVYFRPRAYWHEW,57,C,PSQ*AI
MAEAQNDPLLPGYSFNAHLVAGLGPIEANGYLDFFIDRPLGMKGYILNLTIRGQGVVKNQGREFVCRPGDILLFPPGEIFHTGRHPEAREWYCQWVYFRPRAYWHEW,57,C,PGRFTC
MAEAQNDPLLPGYSFNAHLVAGLNPIEANGYLDFFIDTPLGMKGYILNLTIRGQGVVKNQGREFVCRPGDILLFPPGEILHPGRHPEAREWYGQWVYFRPRAYWHEW,57,C,PNTLPG
MAEAQNDPLLPGYSFNAHLVAGLLPIEANGYLDFFIDLPLGMKGYILNLTIRGQGVVKNQGREFVCRPGDILLFPPGEIPHPGRHPEAREWYDQWVYFRPRAYWHEW,57,C,PLLPPD
MAEAQNDPLLPGYSFNAHLVAGLPPIEANGYLDFFIDSPLGMKGYILNLTIRGQGVVKNQGREFVCRPGDILLFPPGEIRHPGRHPEAREWYGQWVYFRPRAYWHEW,57,C,PPSRPG
MAEAQNDPLLPGYSFNAHLVAGLTPIEANGYLDFFIDLPLGMKGYILNLTIRGQGVVKNQGREFVCRPGDILLFPPGEIYHPGRHPEAREWYGQWVYFRPRAYWHEW,57,C,PTLYPG
MAEAQNDPLLPGYSFNAHLVAGLTPIEANGYLDFFIDCPLGMKGYILNLTIRGQGVVKNQGREFVCRPGDILLFPPGEISHLGRHPEAREWY*QWVYFRPRAYWHEW,57,C,PTCSL*
MAEAQNDPLLPGYSFNAHLVAGLQPIEANGYLDFFIDRPLGMKGYILNLTIRGQGVVKNQGREFVCRPGDILLFPPGEIPHAGRHPEAREWYCQWVYFRPRAYWHEW,57,C,PQRPAC
MAEAQNDPLLPGYSFNAHLVAGLLPIEANGYLDFFIDRPLGMKGYILNLTIRGQGVVKNQGREFVCRPGDILLFPPGEIRHSGRHPEAREWYLQWVYFRPRAYWHEW,56,C,PLRRSL
MAEAQNDPLLPGYSFNAHLVAGLPPIEANGYLDFFIDVPLGMKGYILNLTIRGQGVVKNQGREFVCRPGDILLFPPGEITHAGRHPEAREWYRQWVYFRPRAYWHEW,56,C,PPVTAR
MAEAQNDPLLPGYSFNAHLVAGLTPIEANGYLDFFIDSPLGMKGYILNLTIRGQGVVKNQGREFVCRPGDILLFPPGEILHCGRHAEAREWYEQWVYFRPRAYWHEW,56,C,PTSLCE
MAEAQNDPLLPGYSFNAHLVAGLMPIEANGYLDFFIDMPLGMKGYILNLTIRGQGVVKNQGREFVCRPGDILLFPPGEIRHAGRHPEAREWYQQWVYFRPRAYWHEW,56,C,PMMRAQ
MAEAQNDPLLPGYSFNAHLVAGLTPIEANGYLDFFIDWPLGMKGYILNLTIRGQGVVKNQGREFVCRPGDILLFPPGEIAHPGRHPEAREWYGQWVYFRPRAYWHEW,56,C,PTWAPG
MAEAQNDPLLPGYSFNAHLVAGLPPIEANGYLDFFIDGPLGMKGYILNLTIRGQGVVKNQGREFVCRPGDILLFPPGEIPHAGRHPEAREWYGQWVYFRPRAYWHEW,56,C,PPGPAG
MAEAQNDPLLPGYSFNAHLVAGLTPIEANGYLDFFIDAPLGMKGYILNLTIRGQGVVKNQGREFVCRPGDILLFPPGEIAHKGRHPEAREWY*QWVYFRPRAYWHEW,56,C,PTAAK*
MAEAQNDPLLPGYSFNAHLVAGLSPIEANGYLDFFIDRPLGMKGYILNLTIRGQGVVKNQGREFVCRPGDILLFPPGEITHPGRHPEAREWYGQWVYFRPRAYWHEW,56,C,PSRTPG
MAEAQNDPLLPGYSFNAHLVAGLQPIEANGYLDFFIDRPLGMKGYILNLTIRGQGVVKNQGREFVCRPGDILLFPPGEIAHTGRHPEAREWYPQWVYFRPRAYWHEW,56,C,PQRATP
MAEAQNDPLLPGYSFNAHLVAGLSPIEANGYLDFFIDSPLGMKGYILNLTIRGQGVVKNQGREFVCRPGDILLFPPGEIPHMGRHPEAREWYGQWVYFRPRAYWHEW,56,C,PSSPMG
MAEAQNDPLLPGYSFNAHLVAGLRPIEANGYLDFFIDRPLGMKGYILNLTIRGQGVVKNQGREFVCRPGDILLFPPGEIPHAGRHPEAREW**QWVYFRPRAYWHEW,56,C,PRRPA*
MAEAQNDPLLPGYSFNAHLVAGLFPIEANGYLDFFIDHPLGMKGYILNLTIRGQGVVKNQGREFVCRPGDILLFPPGEIHHAGRHPEAREWYVQWVYFRPRAYWHEW,56,C,PFHHAV
MAEAQNDPLLPGYSFNAHLVAGLLPIEANGYLDFFIDEPLGMKGYILNLTIRGQGVVKNQGREFVCRPGDILLFPPGEITHTGRHPEAREWYSQWVYFRPRAYWHEW,55,C,PLETTS
MAEAQNDPLLPGYSFNAHLVAGLQPIEANGYLDFFIDRPLGMKGYILNLTIRGQGVVKNQGREFVCRPGDILLFPPGEIPHVGRHPEAREWYEQWVYFRPRAYWHEW,55,C,PQRPVE
MAEAQNDPLLPGYSFNAHLVAGLSPIEANGYLDFFIDRPLGMKGYILNLTIRGQGVVKNQGREFVCRPGDILLFPPGEISHPGRHPEAREWYGQWVYFRPRAYWHEW,55,C,PSRSPG
MAEAQNDPLLPGYSFNAHLVAGLTPIEANGYLDFFIDWPLGMKGYILNLTIRGQGVVKNQGREFVCRPGDILLFPPGEIVHAGRHPEAREWYWQWVYFRPRAYWHEW,55,C,PTWVAW
MAEAQNDPLLPGYSFNAHLVAGLPPIEANGYLDFFIDRPLGMKGYILNLTIRGQGVVKNQGREFVCRPGDILLFPPGEIKHTGRHPEAREWYPQWVYFRPRAYWHEW,55,C,PPRKTP
MAEAQNDPLLPGYSFNAHLVAGLLPIEANGYLDFFIDWPLGMKGYILNLTIRGQGVVKNQGREFVCRPGDILLFPPGEIQHPGRHPEAREWYGQWVYFRPRAYWHEW,55,C,PLWQPG
MAEAQNDPLLPGYSFNAHLVAGLAPIEANGYLDFFIDRPLGMKGYILNLTIRGQGVVKNQGREFVCRPGDILLFPPGEILHFGRHPEAREWYGQWVYFRPRAYWHEW,55,C,PARLFG
MAEAQNDPLLPGYSFNAHLVAGLSPIEANGYLDFFIDGPLGMKGYILNLTIRGQGVVKNQGREFVCRPGDILLFPPGEIRHSGRHPEAREWYGQWVYFRPRAYWHEW,55,C,PSGRSG
MAEAQNDPLLPGYSFNAHLVAGLPPIEANGYLDFFIDDPLGMKGYILNLTIRGQGVVKNQGREFVCRPGDILLFPPGEILHAGRHPEAREWYFQWVYFRPRAYWHEW,55,C,PPDLAF
MAEAQNDPLLPGYSFNAHLVAGLCPIEANGYLDFFIDRPLGMKGYILNLTIRGQGVVKNQGREFVCRPGDILLFPPGEIVHPGRHPEAREWYLQWVYFRPRAYWHEW,55,C,PCRVPL
MAEAQNDPLLPGYSFNAHLVAGLPPIEANGYLDFFIDSPLGMKGYILNLTIRGQGVVKNQGREFVCRPGDILLFPPGEIVHPGRHPEAREWYVQWVYFRPRAYWHEW,55,C,PPSVPV
MAEAQNDPLLPGYSFNAHLVAGLPPIEANGYLDFFIDSPLGMKGYILNLTIRGQGVVKNQGREFVCRPGDILLFPPGEIVHSGRHPEAREWYLQWVYFRPRAYWHEW,55,C,PPSVSL
MAEAQNDPLLPGYSFNAHLVAGLSPIEANGYLDFFIDGPLGMKGYILNLTIRGQGVVKNQGREFVCRPGDILLFPPGEISHPGRHPEAREWYGQWVYFRPRAYWHEW,55,C,PSGSPG
MAEAQNDPLLPGYSFNAHLVAGLSPIEANGYLDFFIDLPLGMKGYILNLTIRGQGVVKNQGREFVCRPGDILLFPPGEIPHPGRHPEAREWYGQWVYFRPRAYWHEW,55,C,PSLPPG
MAEAQNDPLLPGYSFNAHLVAGLPPIEANGYLDFFIDSPLGMKGYILNLTIRGQGVVKNQGREFVCRPGDILLFPPGEIPHPGRHPEAREWYGQWVYFRPRAYWHEW,55,C,PPSPPG
MAEAQNDPLLPGYSFNAHLVAGLHPIEANGYLDFFIDSPLGMKGYILNLTIRGQGVVKNQGREFVCRPGDILLFPPGEIVHPGRHPEAREWYGQWVYFRPRAYWHEW,55,C,PHSVPG
MAEAQNDPLLPGYSFNAHLVAGLPPIEANGYLDFFIDSPLGMKGYILNLTIRGQGVVKNQGREFVCRPGDILLFPPGEISHHGRHPEAREWYFQWVYFRPRAYWHEW,55,C,PPSSHF
MAEAQNDPLLPGYSFNAHLVAGLTPIEANGYLDFFIDLPLGMKGYILNLTIRGQGVVKNQGREFVCRPGDILLFPPGEIAHPGRHPEAREWYGQWVYFRPRAYWHEW,55,C,PTLAPG
MAEAQNDPLLPGYSFNAHLVAGLQPIEANGYLDFFIDDPLGMKGYILNLTIRGQGVVKNQGREFVCRPGDILLFPPGEIVHPGRHPEAREWYSQWVYFRPRAYWHEW,54,C,PQDVPS
MAEAQNDPLLPGYSFNAHLVAGLCPIEANGYLDFFIDRPLGMKGYILNLTIRGQGVVKNQGREFVCRPGDILLFPPGEIFHPGRHPEAREWYKQWVYFRPRAYWHEW,54,C,PCRFPK
MAEAQNDPLLPGYSFNAHLVAGLDPIEANGYLDFFIDSPLGMKGYILNLTIRGQGVVKNQGREFVCRPGDILLFPPGEIFHLGRHPEAREWYVQWVYFRPRAYWHEW,54,C,PDSFLV
MAEAQNDPLLPGYSFNAHLVAGLTPIEANGYLDFFIDNPLGMKGYILNLTIRGQGVVKNQGREFVCRPGDILLFPPGEIVHVGRHPEAREWYGQWVYFRPRAYWHEW,54,C,PTNVVG
MAEAQNDPLLPGYSFNAHLVAGLLPIEANGYLDFFIDGPLGMKGYILNLTIRGQGVVKNQGREFVCRPGDILLFPPGEITHPGRHPEAREWYGQWVYFRPRAYWHEW,54,C,PLGTPG
MAEAQNDPLLPGYSFNAHLVAGLPPIEANGYLDFFIDHPLGMKGYILNLTIRGQGVVKNQGREFVCRPGDILLFPPGEISHYGRHPEAREWYSQWVYFRPRAYWHEW,54,C,PPHSYS
MAEAQNDPLLPGYSFNAHLVAGLPPIEANGYLDFFIDRPLGMKGYILNLTIRGQGVVKNQGREFVCRPGDILLFPPGEIPHFGRHPEAREWYGQWVYFRPRAYWHEW,54,C,PPRPFG
MAEAQNDPLLPGYSFNAHLVAGLPPIEANGYLDFFIDCPLGMKGYILNLTIRGQGVVKNQGREFVCRPGDILLFPPGEIPHPGRHPEAREWYGQWVYFRPRAYWHEW,54,C,PPCPPG
MAEAQNDPLLPGYSFNAHLVAGLTPIEANGYLDFFIDLPLGMKGYILNLTIRGQGVVKNQGREFVCRPGDILLFPPGEIPHVGRHPEAREWYMQWVYFRPRAYWHEW,54,C,PTLPVM
MAEAQNDPLLPGYSFNAHLVAGLQPIEANGYLDFFIDLPLGMKGYILNLTIRGQGVVKNQGREFVCRPGDILLFPPGEIPHVGRHPEAREWYAQWVYFRPRAYWHEW,54,C,PQLPVA
MAEAQNDPLLPGYSFNAHLVAGLTPIEANGYLDFFIDRPLGMKGYILNLTIRGQGVVKNQGREFVCRPGDILLFPPGEIPHVGRHPEAREWYAQWVYFRPRAYWHEW,54,C,PTRPVA
MAEAQNDPLLPGYSFNAHLVAGLTPIEANGYLDFFIDQPLGMKGYILNLTIRGQGVVKNQGREFVCRPGDILLFPPGEISHPGRHPEAREWYWQWVYFRPRAYWHEW,54,C,PTQSPW
MAEAQNDPLLPGYSFNAHLVAGLPPIEANGYLDFFIDRPLGMKGYILNLTIRGQGVVKNQGREFVCRPGDILLFPPGEILHPGRHPEAREWYRQWVYFRPRAYWHEW,54,C,PPRLPR
MAEAQNDPLLPGYSFNAHLVAGLTPIEANGYLDFFIDSPLGMKGYILNLTIRGQGVVKNQGREFVCRPGDILLFPPGEISHTGRHPEAREWY*QWVYFRPRAYWHEW,54,C,PTSST*
MAEAQNDPLLPGYSFNAHLVAGLTPIEANGYLDFFIDLPLGMKGYILNLTIRGQGVVKNQGREFVCRPGDILLFPPGEIAHLGRHPEAREWYWQWVYFRPRAYWHEW,54,C,PTLALW
MAEAQNDPLLPGYSFNAHLVAGLSPIEANGYLDFFIDRPLGMKGYILNLTIRGQGVVKNQGREFVCRPGDILLFPPGEIPHCGRHPEAREWYPQWVYFRPRAYWHEW,54,C,PSRPCP
MAEAQNDPLLPGYSFNAHLVAGLTPIEANGYLDFFIDTPLGMKGYILNLTIRGQGVVKNQGREFVCRPGDILLFPPGEITHSGRHPEAREWYKQWVYFRPRAYWHEW,54,C,PTTTSK
MAEAQNDPLLPGYSFNAHLVAGLDPIEANGYLDFFIDLPLGMKGYILNLTIRGQGVVKNQGREFVCRPGDILLFPPGEIEHCGRHPEAREWYQQWVYFRPRAYWHEW,53,C,PDLECQ
MAEAQNDPLLPGYSFNAHLVAGLNPIEANGYLDFFIDLPLGMKGYILNLTIRGQGVVKNQGREFVCRPGDILLFPPGEIDHLGRHPEAREWYGQWVYFRPRAYWHEW,53,C,PNLDLG
MAEAQNDPLLPGYSFNAHLVAGLTPIEANGYLDFFIDGPLGMKGYILNLTIRGQGVVKNQGREFVCRPGDILLFPPGEISHPGRHPEAREWYVQWVYFRPRAYWHEW,53,C,PTGSPV
MAEAQNDPLLPGYSFNAHLVAGLEPIEANGYLDFFIDKPLGMKGYILNLTIRGQGVVKNQGREFVCRPGDILLFPPGEIYHPGRHPEAREWYGQWVYFRPRAYWHEW,53,C,PEKYPG
MAEAQNDPLLPGYSFNAHLVAGLTPIEANGYLDFFIDLPLGMKGYILNLTIRGQGVVKNQGREFVCRPGDILLFPPGEIKHAGRHPEAREWYAQCVYFRPRAYWHEW,53,C,PTLKAA
MAEAQNDPLLPGYSFNAHLVAGLKPIEANGYLDFFIDRPLGMKGYILNLTIRGQGVVKNQGREFVCRPGDILLFPPGEIPHSGRHPEAREWYGQWVYFRPRAYWHEW,53,C,PKRPSG
MAEAQNDPLLPGYSFNAHLVAGLLPIEANGYLDFFIDWPLGMKGYILNLTIRGQGVVKNQGREFVCRPGDILLFPPGEINHIGRHPEAREWYWQWVYFRPRAYWHEW,53,C,PLWNIW
MAEAQNDPLLPGYSFNAHLVAGLTPIEANGYLDFFIDGPLGMKGYILNLTIRGQGVVKNQGREFVCRPGDILLFPPGEISHPGRHPEAREWYGQWVYFRPRAYWHEW,53,C,PTGSPG
MAEAQNDPLLPGYSFNAHLVAGLPPIEANGYLDFFIDQPLGMKGYILNLTIRGQGVVKNQGREFVCRPGDILLFPPGEIYHPGRHPEAREWYAQWVYFRPRAYWHEW,53,C,PPQYPA
MAEAQNDPLLPGYSFNAHLVAGLSPIEANGYLDFFIDSPLGMKGYILNLTIRGQGVVKNQGREFVCRPGDILLFPPGEIFHLGRHPEAREWYSQWVYFRPRAYWHEW,53,C,PSSFLS
MAEAQNDPLLPGYSFNAHLVAGLDPIEANGYLDFFIDLPLGMKGYILNLTIRGQGVVKNQGREFVCRPGDILLFPPGEIPHLGRHPEAREWYWQWVYFRPRAYWHEW,52,C,PDLPLW
MAEAQNDPLLPGYSFNAHLVAGLPPIEANGYLDFFIDDPLGMKGYILNLTIRGQGVVKNQGREFVCRPGDILLFPPGEIGHCGRHPEAREWYSQWVYFRPRAYWHEW,52,C,PPDGCS
MAEAQNDPLLPGYSFNAHLVAGLDPIEANGYLDFFIDSPLGMKGYILNLTIRGQGVVKNQGREFVCRPGDILLFPPGEIKHIGRHPEAREWYVQWVYFRPRAYWHEW,52,C,PDSKIV
MAEAQNDPLLPGYSFNAHLVAGLAPIEANGYLDFFIDRPLGMKGYILNLTIRGQGVVKNQGREFVCRPGDILLFPPGEISHPGRHPEAREWYGQWVYFRPRAYWHEW,52,C,PARSPG
MAEAQNDPLLPGYSFNAHLVAGLPPIEANGYLDFFIDAPLGMKGYILNLTIRGQGVVKNQGREFVCRPGDILLFPPGEIVHAGRHPEAREWYYQWVYFRPRAYWHEW,52,C,PPAVAY
MAEAQNDPLLPGYSFNAHLVAGLLPIEANGYLDFFIDRPLGMKGYILNLTIRGQGVVKNQGREFVCRPGDILLFPPGEIDHHGRHPEAREWYVQWVYFRPRAYWHEW,52,C,PLRDHV
MAEAQNDPLLPGYSFNAHLVAGLPPIEANGYLDFFIDHPLGMKGYILNLTIRGQGVVKNQGREFVCRPGDILLFPPGEIDHYGRHPEAREWYCQWVYFRPRAYWHEW,52,C,PPHDYC
MAEAQNDPLLPGYSFNAHLVAGLSPIEANGYLDFFIDHPLGMKGYILNLTIRGQGVVKNQGREFVCRPGDILLFPPGEIRHPGRHPEAREWYGQWVYFRPRAYWHEW,52,C,PSHRPG
MAEAQNDPLLPGYSFNAHLVAGLLPIEANGYLDFFIDTPLGMKGYILNLTIRGQGVVKNQGREFVCRPGDILLFPPGEITHYGRHPEAREWYLQWVYFRPRAYWHEW,52,C,PLTTYL
MAEAQNDPLLPGYSFNAHLVAGLEPIEANGYLDFFIDCPLGMKGYILNLTIRGQGVVKNQGREFVCRPGDILLFPPGEIRHMGRHPEAREWYHQWVYFRPRAYWHEW,52,C,PECRMH
MAEAQNDPLLPGYSFNAHLVAGLPPIEANGYLDFFIDSPLGMKGYILNLTIRGQGVVKNQGREFVCRPGDILLFPPGEIAHLGRHPEAREWYWQWVYFRPRAYWHEW,52,C,PPSALW
MAEAQNDPLLPGYSFNAHLVAGLRPIEANGYLDFFIDRPLGMKGYILNLTIRGQGVVKNQGREFVCRPGDILLFPPGEISHPGRHPEAREWYGQWVYFRPRAYWHEW,52,C,PRRSPG
MAEAQNDPLLPGYSFNAHLVAGLVPIEANGYLDFFIDFPLGMKGYILNLTIRGQGVVKNQGREFVCRPGDILLFPPGEIEHPGRHPEAREWYGQWVYFRPRAYWHEW,52,C,PVFEPG
MAEAQNDPLLPGYSFNAHLVAGLEPIEANGYLDFFIDAPLGMKGYILNLTIRGQGVVKNQGREFVCRPGDILLFPPGEIMHPGRHPEAREWYGQWVYFRPRAYWHEW,52,C,PEAMPG
MAEAQNDPLLPGYSFNAHLVAGLTPIEANGYLDFFID*PLGMKGYILNLTIRGQGVVKNQGREFVCRPGDILLFPPGEIYHMGRHPEAREWYGQWVYFRPRAYWHEW,52,C,PT*YMG
MAEAQNDPLLPGYSFNAHLVAGLSPIEANGYLDFFIDCPLGMKGYILNLTIRGQGVVKNQGREFVCRPGDILLFPPGEIPHRGRHPEAREWYTQWVYFRPRAYWHEW,52,C,PSCPRT
MAEAQNDPLLPGYSFNAHLVAGLDPIEANGYLDFFIDCPLGMKGYILNLTIRGQGVVKNQGREFVCRPGDILLFPPGEIQHAGRHPEAREWYMQWVYFRPRAYWHEW,52,C,PDCQAM
MAEAQNDPLLPGYSFNAHLVAGLSPIEANGYLDFFIDLPLGMKGYILNLTIRGQGVVKNQGREFVCRPGDILLFPPGEIRHPGRHPEAREWYVQWVYFRPRAYWHEW,52,C,PSLRPV
MAEAQNDPLLPGYSFNAHLVAGLDPIEANGYLDFFIDSPLGMKGYILNLTIRGQGVVKNQGREFVCRPGDILLFPPGEIPHVGRHPEAREWYGQWVYFRPRAYWHEW,51,C,PDSPVG
MAEAQNDPLLPGYSFNAHLVAGLAPIEANGYLDFFIDTPLGMKGYILNLTIRGQGVVKNQGREFVCRPGDILLFPPGEIRHPGRHPEAREWYRQWVYFRPRAYWHEW,51,C,PATRPR
MAEAQNDPLLPGYSFNAHLVAGLHPIEANGYLDFFIDLPLGMKGYILNLTIRGQGVVKNQGREFVCRPGDILLFPPGEIEHVGRHPEAREWYVQWVYFRPRAYWHEW,51,C,PHLEVV
MAEAQNDPLLPGYSFNAHLVAGLNPIEANGYLDFFIDPPLGMKGYILNLTIRGQGVVKNQGREFVCRPGDILLFPPGEIKHPGRHPEAREWYPQWVYFRPRAYWHEW,51,C,PNPKPP
MAEAQNDPLLPGYSFNAHLVAGLLPIEANGYLDFFIDAPLGMKGYILNLTIRGQGVVKNQGREFVCRPGDILLFPPGEIWHNGRHPEAREWYRQWVYFRPRAYWHEW,51,C,PLAWNR
MAEAQNDPLLPGYSFNAHLVAGLEPIEANGYLDFFIDGPLGMKGYILNLTIRGQGVVKNQGREFVCRPGDILLFPPGEITHYGRHPEAREWYTQWVYFRPRAYWHEW,51,C,PEGTYT
MAEAQNDPLLPGYSFNAHLVAGLSPIEANGYLDFFIDSPLGMKGYILNLTIRGQGVVKNQGREFVCRPGDILLFPPGEITHPGRHPEAREWYGQWVYFRPRAYWHEW,51,C,PSSTPG
MAEAQNDPLLPGYSFNAHLVAGLAPIEANGYLDFFIDTPLGMKGYILNLTIRGQGVVKNQGREFVCRPGDILLFPPGEIRHPGRHPEAREWYGQWVYFRPRAYWHEW,51,C,PATRPG
