Sequence,Count,Random_mutagenesis/Combinatorial, 6-mer
MAEAQNDPLLPGYSFNAHLVAGLRPIEANGYLDFFIDLPLGMKGYILNLTIRGQGVVKNQGREFVCRPGDILLFPPGEIAHLGRHPEAREWYWQWVYFRPRAYWHEW,1356,C,PRLALW
MAEAQNDPLLPGYSFNAHLVAGLPPIEANGYLDFFIDRPLGMKGYILNLTIRGQGVVKNQGREFVCRPGDILLFPPGEIVHPGRHPEAREWYGQWVYFRPRAYWHEW,667,C,PPRVPG
MAEAQNDPLLPGYSFNAHLVAGLDPIEANGYLDFFIDRPLGMKGYILNLTIRGQGVVKNQGREFVCRPGDILLFPPGEIIHAGRHPEAREWYPQWVYFRPRAYWHEW,634,C,PDRIAP
MAEAQNDPLLPGYSFNAHLVAGLPPIEANGYLDFFIDSPLGMKGYILNLTIRGQGVVKNQGREFVCRPGDILLFPPGEITHPGRHPEAREWYGQWVYFRPRAYWHEW,632,C,PPSTPG
MAEAQNDPLLPGYSFNAHLVAGLPPIEANGYLDFFIDNPLGMKGYILNLTIRGQGVVKNQGREFVCRPGDILLFPPGEIPHAGRHPEAREWYGQWVYFRPRAYWHEW,606,C,PPNPAG
MAEAQNDPLLPGYSFNAHLVAGLPPIEANGYLDFFIDQPLGMKGYILNLTIRGQGVVKNQGREFVCRPGDILLFPPGEIHHPGRHPEAREWYGQWVYFRPRAYWHEW,491,C,PPQHPG
MAEAQNDPLLPGYSFNAHLVAGLPPIEANGYLDFFIDSPLGMKGYILNLTIRGQGVVKNQGREFVCRPGDILLFPPGEIPHPGRHPEAREWYFQWVYFRPRAYWHEW,408,C,PPSPPF
MAEAQNDPLLPGYSFNAHLVAGLKPIEANGYLDFFIDHPLGMKGYILNLTIRGQGVVKNQGREFVCRPGDILLFPPGEIAHAGRHPEAREWYGQWVYFRPRAYWHEW,398,C,PKHAAG
MAEAQNDPLLPGYSFNAHLVAGLDPIEANGYLDFFIDNPLGMKGYILNLTIRGQGVVKNQGREFVCRPGDILLFPPGEISHLGRHPEAREWYTQWVYFRPRAYWHEW,377,C,PDNSLT
MAEAQNDPLLPGYSFNAHLVAGLSPIEANGYLDFFIDSPLGMKGYILNLTIRGQGVVKNQGREFVCRPGDILLFPPGEIPHGGRHPEAREWYLQWVYFRPRAYWHEW,364,C,PSSPGL
MAEAQNDPLLPGYSFNAHLVAGLPPIEANGYLDFFIDFPLGMKGYILNLTIRGQGVVKNQGREFVCRPGDILLFPPGEISHPGRHPEAREWYGQWVYFRPRAYWHEW,361,C,PPFSPG
MAEAQNDPLLPGYSFNAHLVAGLDPIEANGYLDFFIDCPLGMKGYILNLTIRGQGVVKNQGREFVCRPGDILLFPPGEISHCGRHPEAREWYAQWVYFRPRAYWHEW,357,C,PDCSCA
MAEAQNDPLLPGYSFNAHLVAGLPPIEANGYLDFFIDRPLGMKGYILNLTIRGQGVVKNQGREFVCRPGDILLFPPGEISHPGRHPEAREWYGQWVYFRPRAYWHEW,354,C,PPRSPG
MAEAQNDPLLPGYSFNAHLVAGLTPIEANGYLDFFIDRPLGMKGYILNLTIRGQGVVKNQGREFVCRPGDILLFPPGEIHHYGRHPEAREWYHQWVYFRPRAYWHEW,354,C,PTRHYH
MAEAQNDPLLPGYSFNAHLVAGLPPIEANGYLDFFIDLPLGMKGYILNLTIRGQGVVKNQGREFVCRPGDILLFPPGEIAHPGRHPEAREWYGQWVYFRPRAYWHEW,350,C,PPLAPG
MAEAQNDPLLPGYSFNAHLVAGLPPIEANGYLDFFIDVPLGMKGYILNLTIRGQGVVKNQGREFVCRPGDILLFPPGEIPHVGRHPEAREWYGQWVYFRPRAYWHEW,348,C,PPVPVG
MAEAQNDPLLPGYSFNAHLVAGLEPIEANGYLDFFIDKPLGMKGYILNLTIRGQGVVKNQGREFVCRPGDILLFPPGEITHIGRHPEAREWYGQWVYFRPRAYWHEW,339,C,PEKTIG
MAEAQNDPLLPGYSFNAHLVAGLPPIEANGYLDFFIDEPLGMKGYILNLTIRGQGVVKNQGREFVCRPGDILLFPPGEIPHMGRHPEAREWYAQWVYFRPRAYWHEW,338,C,PPEPMA
MAEAQNDPLLPGYSFNAHLVAGLPPIEANGYLDFFIDIPLGMKGYILNLTIRGQGVVKNQGREFVCRPGDILLFPPGEIPHVGRHPEAREWYTQWVYFRPRAYWHEW,327,C,PPIPVT
MAEAQNDPLLPGYSFNAHLVAGLRPIEANGYLDFFIDTPLGMKGYILNLTIRGQGVVKNQGREFVCRPGDILLFPPGEIAHYGRHPEAREWYLQWVYFRPRAYWHEW,327,C,PRTAYL
MAEAQNDPLLPGYSFNAHLVAGLIPIEANGYLDFFIDDPLGMKGYILNLTIRGQGVVKNQGREFVCRPGDILLFPPGEIPHSGRHPEAREWYGQWVYFRPRAYWHEW,326,C,PIDPSG
MAEAQNDPLLPGYSFNAHLVAGLDPIEANGYLDFFIDRPLGMKGYILNLTIRGQGVVKNQGREFVCRPGDILLFPPGEIDHLGRHPEAREWYLQWVYFRPRAYWHEW,318,C,PDRDLL
MAEAQNDPLLPGYSFNAHLVAGLNPIEANGYLDFFIDNPLGMKGYILNLTIRGQGVVKNQGREFVCRPGDILLFPPGEIGHPGRHPEAREWYSQWVYFRPRAYWHEW,312,C,PNNGPS
MAEAQNDPLLPGYSFNAHLVAGLDPIEANGYLDFFIDKPLGMKGYILNLTIRGQGVVKNQGREFVCRPGDILLFPPGEIPHSGRHPEAREWYLQWVYFRPRAYWHEW,309,C,PDKPSL
MAEAQNDPLLPGYSFNAHLVAGLLPIEANGYLDFFIDRPLGMKGYILNLTIRGQGVVKNQGREFVCRPGDILLFPPGEIRHPGRHPEAREWYGQWVYFRPRAYWHEW,302,C,PLRRPG
MAEAQNDPLLPGYSFNAHLVAGLPPIEANGYLDFFIDHPLGMKGYILNLTIRGQGVVKNQGREFVCRPGDILLFPPGEIRHLGRHPEAREWYSQWVYFRPRAYWHEW,300,C,PPHRLS
MAEAQNDPLLPGYSFNAHLVAGLEPIEANGYLDFFIDNPLGMKGYILNLTIRGQGVVKNQGREFVCRPGDILLFPPGEIGHEGRHPEAREWYCQWVYFRPRAYWHEW,291,C,PENGEC
MAEAQNDPLLPGYSFNAHLVAGLPPIEANGYLDFFIDYPLGMKGYILNLTIRGQGVVKNQGREFVCRPGDILLFPPGEILHPGRHPEAREWYCQWVYFRPRAYWHEW,288,R,PPYLPC
MAEAQNDPLLPGYSFNAHLVAGLPPIEANGYLDFFIDEPLGMKGYILNLTIRGQGVVKNQGREFVCRPGDILLFPPGEIYHTGRHPEAREWYCQWVYFRPRAYWHEW,284,C,PPEYTC
MAEAQNDPLLPGYSFNAHLVAGLVPIEANGYLDFFIDGPLGMKGYILNLTIRGQGVVKNQGREFVCRPGDILLFPPGEIQHPGRHPEAREWYGQWVYFRPRAYWHEW,282,C,PVGQPG
MAEAQNDPLLPGYSFNAHLVAGLHPIEANGYLDFFIDAPLGMKGYILNLTIRGQGVVKNQGREFVCRPGDILLFPPGEITHPGRHPEAREWYYQWVYFRPRAYWHEW,275,C,PHATPY
MAEAQNDPLLPGYSFNAHLVAGLQPIEANGYLDFFIDNPLGMKGYILNLTIRGQGVVKNQGREFVCRPGDILLFPPGEIVHGGRHPEAREWYPQWVYFRPRAYWHEW,274,C,PQNVGP
MAEAQNDPLLPGYSFNAHLVAGLDPIEANGYLDFFIDSPLGMKGYILNLTIRGQGVVKNQGREFVCRPGDILLFPPGEIPHIGRHPEAREWYPQWVYFRPRAYWHEW,274,C,PDSPIP
MAEAQNDPLLPGYSFNAHLVAGLEPIEANGYLDFFIDYPLGMKGYILNLTIRGQGVVKNQGREFVCRPGDILLFPPGEIPHIGRHPEAREWYFQWVYFRPRAYWHEW,271,C,PEYPIF
MAEAQNDPLLPGYSFNAHLVAGLPPIEANGYLDFFIDAPLGMKGYILNLTIRGQGVVKNQGREFVCRPGDILLFPPGEIPHIGRHPEAREWYGQWVYFRPRAYWHEW,264,C,PPAPIG
MAEAQNDPLLPGYSFNAHLVAGLSPIEANGYLDFFIDMPLGMKGYILNLTIRGQGVVKNQGREFVCRPGDILLFPPGEISHSGPHPEAREWYFQWVYFRPRAYWHEW,251,R,PSMSSF
MAEAQNDPLLPGYSFNAHLVAGLAPIEANGYLDFFIDSPLGMKGYILNLTIRGQGVVKNQGREFVCRPGDILLFPPGEILHPGRHPEAREWYNQWVYFRPRAYWHEW,245,C,PASLPN
MAEAQNDPLLPGYSFNAHLVAGLNPIEANGYLDFFIDGPLGMKGYILNLTIRGQGVVKNQGREFVCRPGDILLFPPGEIEHPGRHPEAREWYGQWVYFRPRAYWHEW,241,C,PNGEPG
MAEAQNDPLLPGYSFNAHLVAGLTPIEANGYLDFFIDLPLGMKGYILNLTIRGQGVVKNQGREFVCRPGDILLFPPGEIPHPGRHPEAREWYSQWVYFRPRAYWHEW,240,C,PTLPPS
MAEAQNDPLLPGYSFNAHLVAGLSPIEANGYLDFFIDRPLGMKGYILNLTIRGQGVVKNQGREFVCRPGDILLFPPGEIPHCGRHPEAREWYAQWVYFRPRAYWHEW,236,C,PSRPCA
MAEAQNDPLLPGYSFNAHLVAGLPPIEANGYLDFFIDCPLGMKGYILNLTIRGQGVVKNQGREFVCRPGDILLFPPGEITHPGRHPEAREWYGQWVYFRPRAYWHEW,235,C,PPCTPG
MAEAQNDPLLPGYSFNAHLVAGLAPIEANGYLDFFIDRPLGMKGYILNLTIRGQGVVKNQGREFVCRPGDILLFPPGEIAHLGRHPEAREWYTQWVYFRPRAYWHEW,232,C,PARALT
MAEAQNDPLLPGYSFNAHLVAGLQPIEANGYLDFFIDSPLGMKGYILNLTIRGQGVVKNQGREFVCRPGDILLFPPGEIHHTGRHPEAREWYSQWVYFRPRAYWHEW,228,C,PQSHTS
MAEAQNDPLLPGYSFNAHLVAGL*PIEANGYLDFFIDAPLGMKGYILNLTIRGQGVVKNQGREFVCRPGDILLFPPGEIVHLGRHPEAREWYVQWVYFRPRAYWHEW,225,C,P*AVLV
MAEAQNDPLLPGYSFNAHLVAGLRPIDANGYLDFFIDLPLGMKGYILNLTIRGQGVVKNQGREFVCRPGDILLFPPGEIYHVGRHPEAREWY*QWVYFRPRAYWHEW,220,R,PRLYV*
MAEAQNDPLLPGYSFNAHLVAGLTPIEANGYLDFFIDGPLGMKGYILNLTIRGQGVVKNQGREFVCRPGDILLFPPGEIEH*GRHPEAREWY*QWVYFRPRAYWHEW,217,C,PTGE**
MAEAQNDPLLPGYSFNAHLVAGLNPIEANGYLDFFIDPPLGMKGYILNLTIRGQGVVKNQGREFVCRPGDILLFPPGEINHVGRHPEAREWYPQWVYFRPRAYWHEW,212,C,PNPNVP
MAEAQNDPLLPGYSFNAHLVAGLLPIEANGYLDFFIDGPLGMKGYILNLTIRGQGVVKNQGREFVCRPGDILLFPPGEIPHAGRHPEAREWYCQWVYFRPRAYWHEW,209,C,PLGPAC
MAEAQNDPLLPGYSFNAHLVAGLPPIEANGYLDFFIDLPLGMKGYILNLTIRGQGVVKNQGREFVCRPGDILLFPPGEILHPGRHPEAREWYGQWVYFRPRAYWHEW,209,C,PPLLPG
MAEAQNDPLLPGYSFNAHLVAGLPPIEANGYLDFFIDRPLGMKGYILNLTIRGQGVVKNQGREFVCRPGDILLFPPGEIDHPGRHPEAREWYGQWVYFRPRAYWHEW,205,C,PPRDPG
MAEAQNDPLLPGYSFNAHLVAGLEPIEANGYLDFFIDHPLGMKGYILNLTIRGQGVVKNQGREFVCRPGDILLFPPGEINHYGRHPEAREWYSQWVYFRPRAYWHEW,202,C,PEHNYS
MAEAQNDPLLPGYSFNAHLVAGLDPIEANGYLDFFIDVPLGMKGYILNLTIRGQGVVKNQGREFVCRPGDILLFPPGEIKHFGRHPEAREWYLQWVYFRPRAYWHEW,198,C,PDVKFL
MAEAQNDPLLPGYSFNAHLVAGLKPIEANGYLDFFIDMPLGMKGYILNLTIRGQGVVKNQGREFVCRPGDILLFPPGEIRHRGRHPEAREWYRQWVYFRPRAYWHEW,197,C,PKMRRR
MAEAQNDPLLPGYSFNAHLVAGLNPIEANGYLDFFIDRPLGMKGYILNLTIRGQGVVKNQGREFVCRPGDILLFPPGEIPHLGRHPEAREWYAQWVYFRPRAYWHEW,195,C,PNRPLA
MAEAQNDPLLPGYSFNAHLVAGLPPIEANGYLDFFIDGPLGMKGYILNLTIRGQGVVKNQGREFVCRPGDILLFPPGEITHRGRLPEAREWYSQWVYFRPRAYWHEW,188,R,PPGTRS
MAEAQNDPLLPGYSFNAHLVAGLQPIEANGYLDFFIDHPLGMKGYILNLTIRGQGVVKNQGREFVCRPGDILLFPPGEIPHGGRHPEAREWYAQWVYFRPRAYWHEW,186,C,PQHPGA
MAEAQNDPLLPGYSFNAHLVAGLRPIEANGYLDFFIDLPLGMKGYILNLTIRGQGVVKNQGREFVCRPGDILLFPPGEIPHVGRHPEAREWYTQWVYFRPRAYWHEW,183,C,PRLPVT
MAEAQNDPLLPGYSFNAHLVAGLWPIAANGYLDFFIDRPLGMKGYILNLTIRGQGVVKNQGREFVCRPGDILLFPPGEINHIGRHPEAREWYLQWVYFRPRAYWHEW,182,R,PWRNIL
MAEAQNDPLLPGYSFNAHLVAGLRPIEANGYLDFFIDVPLGMKGYILNLTIRGQGVVKNQGREFVCRPGDILLFPPGEITHWGRHPEAREWYVQWVYFRPRAYWHEW,182,C,PRVTWV
MAEAQNDPLLPGYSFNAHLVAGLRPIEANGYLDFFIDVPLGMKGYILNLTIRGQGVVKNQGREFVCRPGDILLFPPGEIGHYGRHPEAREWYVQWVYFRPRAYWHEW,181,C,PRVGYV
MAEAQNDPLLPGYSFNAHLVAGLRPIEANGYLDFFIDIPLGMKGYILNLTIRGQGVVKNQGREFVCRPGDILLFPPGEIAHVGRHPEAREWYGQWVYFRPRAYWHEW,180,C,PRIAVG
MAEAQNDPLLPGYSFNAHLVAGLSPIEANGYLDFFIDGPLGMKGYILNLTIRGQGVVKNQGREFVCRPGDILLFPPGEIDHCGRHPEAREWYLQWVYFRPRAYWHEW,179,C,PSGDCL
MAEAQNDPLLPGYSFNAHLVAGLNPIEANGYLDFFIDSPLGMKGYILNLTIRGQGVVKNQGREFVCRPGDILLFPPGEIAHAGRHPEAREWYAQWVYFRPRAYWHEW,179,C,PNSAAA
MAEAQNDPLLPGYSFNAHLVAGLNPIEANGYLDFFIDTPLGMKGYILNLTIRGQGVVKNQGREFVCRPGDILLFPPGEIFHVGRHPEAREWYWQWVYFRPRAYWHEW,178,C,PNTFVW
MAEAQNDPLLPGYSFNAHLVAGLDPIEANGYLDFFIDTPLGMKGYILNLTIRGQGVVKNQGREFVCRPGDILLFPPGEIRHLGRHPEAREWYLQWVYFRPRAYWHEW,169,C,PDTRLL
MAEAQNDPLLPGYSFNAHLVAGLSPIEANGYLDFFIDEPLGMKGYILNLTIRGQGVVKNQGREFVCRPGDILLFPPGEIEHSGRHPEAREWYVQWVYFRPRAYWHEW,167,C,PSEESV
MAEAQNDPLLPGYSFNAHLVAGLKPIEANGYLDFFIDRPLGMKGYILNLTIRGQGVVKNQGREFVCRPGDILLFPPGEIMHPGRHPEAREWYGQWVYFRPRAYWHEW,166,C,PKRMPG
MAEAQNDPLLPGYSFNAHLVAGLEPIEANGYLDFFIDAPLGMKGYILNLTIRGQGVVKNQGREFVCRPGDILLFPPGEIAHPGRHPEAREWYGQWVYFRPRAYWHEW,165,C,PEAAPG
MAEAQNDPLLPGYSFNAHLVAGLWPIEANGYLDFFIDGPLGMKGYILNLTIRGQGVVKNQGREFVCRPGDILLFPPGEITHLGRHPEAREWYHQWVYFRPRAYWHEW,164,C,PWGTLH
MAEAQNDPLLPGYSFNAHLVAGLSPIEANGYLDFFIDNPLGMKGYILNLTIRGQGVVKNQGREFVCRPGDILLFPPGEIPHAGRHPEAREWYGQWVYFRPRAYWHEW,162,C,PSNPAG
MAEAQNDPLLPGYSFNAHLVAGLPPIEANGYLDFFIDVPLGMKGYILNLTIRGQGVVKNQGREFVCRPGDILLFPPGEICHPGRHPEAREWYVQWVYFRPRAYWHEW,160,C,PPVCPV
MAEAQNDPLLPGYSFNAHLVAGLQPIEANGYLDFFIDTPLGMKGYILNLTIRGQGVVKNQGREFVCRPGDILLFPPGEIAHAGRHPEAREWYPQWVYFRPRAYWHEW,159,C,PQTAAP
MAEAQNDPLLPGYSFNAHLVAGLEPIEANGYLDFFIDHPLGMKGYILNLTIRGQGVVKNQGREFVCRPGDILLFPPGEIQHIGRHPEAREWYLQWVYFRPRAYWHEW,158,C,PEHQIL
MAEAQNDPLLPGYSFNAHLVAGLLPIEANGYLDFFIELPLGMKGYILNLTIRGQGVVKNQGREFVCRPGDILLFPPGEIAHHGRHPEAREWYCQWVYFRPRAYWHEW,157,R,PLLAHC
MAEAQNDPLLPGYSFNAHLVAGLEPIEANGYLDFFIDMPLGMKGYILNLTIRGQGVVKNQGREFVCRPGDILLFPPGEIVHCGRHPEAREWYGQWVYFRPRAYWHEW,157,C,PEMVCG
MAEAQNDPLLPGYSFNAHLVAGLQPIEANGYLDFFIDVPLGMKGYILNLTIRGQGVVKNQGREFVCRPGDILLFPPGEIAHAGRHPEAREWYCQWVYFRPRAYWHEW,154,C,PQVAAC
MAEAQNDPLLPGYSFNAHLVAGLPPIEANGYLDFFIDMPLGMKGYILNLTIRGQGVVKNQGREFVCRPGDILLFPPGEITHPGRHPEAREWYGQWVYFRPRAYWHEW,151,C,PPMTPG
MAEAQNDPLLPGYSFNAHLVAGLLPIEANGYLDFFIDQPLGMKGYILNLTIRGQGVVKNQGREFVCRPGDILLFPPGEIHHPGRHPEAREWYGQWVYFRPRAYWHEW,151,C,PLQHPG
MAEAQNDPLLPGYSFNAHLVAGLPPIEANGYLDFFIDCPLGMKGYILNLTIRGQGVVKNQGREFVCRPGDILLFPPGEIPHCGRHPEAREWYSQWVYFRPRAYWHEW,150,C,PPCPCS
MAEAQNDPLLPGYSFNAHLVAGLPPIEANGYLDFFIDRPLGMKGYILNLTIRGQGVVKNQGREFVCRPGDILLFPPGEIPHVGRHPEAREWYAQWVYFRPRAYWHEW,148,C,PPRPVA
MAEAQNDPLLPGYSFNAHLVAGLEPIEANGYLDFFIDGPLGMKGYILNLTIRGQGVVKNQGREFVCRPGDILLFPPGEIRHTGRHPEAREWYCQWVYFRPRAYWHEW,146,C,PEGRTC
MAEAQNDPLLPGYSFNAHLVAGLPPIEANGYLDFFIDDPLGMKGYILNLTIRGQGVVKNQGREFVCRPGDILLFPPGEISHTGRHPEAREWYSQWVYFRPRAYWHEW,145,C,PPDSTS
MAEAQNDPLLPGYSFNAHLVAGLSPIEANGYLDFFIDLPLGMKGYILNLTIRGQGVVKNQGREFVCRPGDILLFPPGEIRHSGRHPEAREWYVQWVYFRPRAYWHEW,145,C,PSLRSV
MAEAQNDPLLPGYSFNAHLVAGLDPIEANGYLDFFIDLPLGMKGYILNLTIRGQGVVKNQGREFVCRPGDILLFPPGEIRHLGRHPEAREWYSQWVYFRPRAYWHEW,142,C,PDLRLS
MAEAQNDPLLPGYSFNAHLVAGLGPIEANGYLDFFIDTPLGMKGYILNLTIRGQGVVKNQGREFVCRPGDILLFPPGEIAHTGRHPEAREWYPQWVYFRPRAYWHEW,140,C,PGTATP
MAEAQNDPLLPGYSFNAHLVAGLSPIEANGYLDFFIDWPLGMKGYILNLTIRGQGVVKNQGREFVCRPGDILLFPPGEIAHRGRHPEAREWYSQWVYFRPRAYWHEW,140,C,PSWARS
MAEAQNDPLLPGYSFNAHLVAGLKPIEANGYLDFFIDSPLGMKGYILNLTIRGQGVVKNQGREFVCRPGDILLFPPGEIAHPGRHPEAREWYGQWVYFRPRAYWHEW,139,C,PKSAPG
MAEAQNDPLLPGYSFNAHLVAGLCPIEANGYLDFFIDNPLGMKGYILNLTIRGQGVVKNQGREFVCRPGDILLFPPGEIRHTGRHPEAREWYQQWVYFRPRAYWHEW,139,C,PCNRTQ
MAEAQNDPLLPGYSFNAHLVAGLPPIEANGYLDFFIDSPLGMKGYILNLTIRGQGVVKNQGREFVCRPGDILLFPPGEIHHPGRHPEAREWYGQWVYFRPRAYWHEW,138,C,PPSHPG
MAEAQNDPLLPGYSFNAHLVAGLIPIEANGYLDFFIDPPLGMKGYILNLTIRGQGVVKNQGREFVCRPGDILLFPPGEIIHTGRHPEAREWYPQWVYFRPRAYWHEW,138,C,PIPITP
MAEAQNDPLLPGYSFNAHLVAGLEPIEANGYLDFFIDQPLGMKGYILNLTIRGQGVVKNQGREFVCRPGDILLFPPGEISHDGRHPEAREWYGQWVYFRPRAYWHEW,136,C,PEQSDG
MAEAQNDPLLPGYSFNAHLVAGLPPIEANGYLDFFIDNPLGMKGYILNLTIRGQGVVKNQGREFVCRPGDILLFPPGEITHMGRHPEAREWYGQWVYFRPRAYWHEW,134,C,PPNTMG
MAEAQNDPLLPGYSFNAHLVAGLSPIEANGYLDFFIDDPLGMKGYILNLTIRGQGVVKNQGREFVCRPGDILLFPPGEITHVGRHPEAREWYWQCVYFRPRAYWHEW,134,R,PSDTVW
MAEAQNDPLLPGYSFNAHLVAGLPPIEANGYLDFFIDPPLGMKGYILNLTIRGQGVVKNQGREFVCRPGDILLFPPGEISHPGRHPEAREWYGQWVYFRPRAYWHEW,132,C,PPPSPG
MAEAQNDPLLPGYSFNAHLVAGLDPIEANGYLDFFIDSPLGMKGYILNLTIRGQGVVKNQGREFVCRPGDILLFPPGEIGHVGRHPEAREWYGQWVYFRPRAYWHEW,129,C,PDSGVG
MAEAQNDPLLPGYSFNAHLVAGLDPIEANGYLDFFIDPPLGMKGYILNLTIRGQGVVKNQGREFVCRPGDILLFPPGEIHHPGRHPEAREWYSQWVYFRPRAYWHEW,129,C,PDPHPS
MAEAQNDPLLPGYSFNAHLVAGLMPIEANGYLDFFIDCPLGMKGYILNLTIRGQGVVKNQGREFVCRPGDILLFPPGEIIHHGRHPEAREWYVQWVYFRPRAYWHEW,128,C,PMCIHV
MAEAQNDPLLPGYSFNAHLVAGLEPIEANGYLDFFIDDPLGMKGYILNLTIRGQGVVKNQGREFVCRPGDILLFPPGEIPHHGRHPEAREWYAQWVYFRPRAYWHEW,128,C,PEDPHA
MAEAQNDPLLPGYSFNAHLVAGLEPIEANGYLDFFIDAPLGMKGYILNLTIRGQGVVKNQGREFVCRPGDILLFPPGEIPHMGRHPEAREWYLQWVYFRPRAYWHEW,127,C,PEAPML
MAEAQNDPLLPGYSFNAHLVAGLQPIEANGYLDFFIDCPLGMKGYILNLTIRGQGVVKNQGREFVCRPGDILLFPPGEINHPGRHPEAREWYGQWVYFRPRAYWHEW,126,C,PQCNPG
MAEAQNDPLLPGYSFNAHLVAGLSPIEANGYLDFFIDIPLGMKGYILNLTIRGQGVVKNQGREFVCRPGDILLFPPGEIPHVGRHPEAREWYLQWVYFRPRAYWHEW,126,C,PSIPVL
MAEAQNDPLLPGYSFNAHLVAGLAPIEANGYLDFFIDHPLGMKGYILNLTIRGQGVVKNQGREFVCRPGDILLFPPGEITHHGRHPEAREWYVQWVYFRPRAYWHEW,126,C,PAHTHV
MAEAQNDPLLPGYSFNAHLVAGLDPIEANGYLDFFIDRPLGMKGYILNLTIRGQGVVKNQGREFVCRPGDILLFPPGEIPHPGRHPEAREWYAQWVYFRPRAYWHEW,125,C,PDRPPA
MAEAQNDPLLPGYSFNAHLVAGLDPIEANGYLDFFIDTPLGMKGYILNLTIRGQGVVKNQGREFVCRPGDILLFPPGEITHWGRHPEAREWYGQWVYFRPRAYWHEW,124,C,PDTTWG
MAEAQNDPLLPGYSFNAHLVAGLLPIEANGYLDFFIDVPLGMKGYILNLTIRGQGVVKNQGREFVCRPGDILLFPPGEILHPGRHPEAREWYVQWVYFRPRAYWHEW,123,C,PLVLPV
MAEAQNDPLLPGYSFNAHLVAGLEPIEANGYLDFFIDPPLGMKGYILNLTIRGQGVVKNQGREFVCRPGDILLFPPGEIAHDGRHPEAREWYCQWVYFRPRAYWHEW,123,C,PEPADC
MAEAQNDPLLPGYSFNAHLVAGLDPIEANGYLDFFIDGPLGMKGYILNLTIRGQGVVKNQGREFVCRPGDILLFPPGEIRHPGRHPEAREWYSQWVYFRPRAYWHEW,123,C,PDGRPS
MAEAQNDPLLPGYSFNAHLVAGLPPIEANGYLDFFIDNPLGMKGYILNLTIRGQGVVKNQGREFVCRPGDILLFPPGEIQHAGRHPEAREWYGQWVYFRPRAYWHEW,123,C,PPNQAG
MAEAQNDPLLPGYSFNAHLVAGLPPIEANGYLDFFIDRPLGMKGYILNLTIRGQGVVKNQGREFVCRPGDILLFPPGEIDHVGRHPEAREWYSQWVYFRPRAYWHEW,123,C,PPRDVS
MAEAQNDPLLPGYSFNAHLVAGLEPIEANGYLDFFIDRPLGMKGYILNLTIRGQGVVKNQGREFVCRPGDILLFPPGEIRHPGRHPEAREWYGQWVYFRPRAYWHEW,122,C,PERRPG
MAEAQNDPLLPGYSFNAHLVAGLTPIEANGYLDFFIDSPLGMKGYILNLTIRGQGVVKNQGREFVCRPGDILLFPPGEIHHVGRHPEAREWYCQWVYFRPRAYWHEW,121,C,PTSHVC
MAEAQNDPLLPGYSFNAHLVAGLEPIEANGYLDFFIDIPLGMKGYILNLTIRGQGVVKNQGREFVCRPGDILLFPPGEIGHRGRHPEAREWYTQWVYFRPRAYWHEW,120,C,PEIGRT
MAEAQNDPLLPGYSFNAHLVAGLKPIEANGYLDFFIDQPLGMKGYILNLTIRGQGVVKNQGREFVCRPGDILLFPPGEIHHFGRHPEAREWYAQWVYFRPRAYWHEW,120,C,PKQHFA
MAEAQNDPLLPGYSFNAHLVAGLDPIEANGYLDFFIDMPLGMKGYILNLTIRGQGVVKNQGREFVCRPGDILLFPPGEIHHCGRHPEAREWYCQWVYFRPRAYWHEW,119,C,PDMHCC
MAEAQNDPLLPGYSFNAHLVAGLPPIEANGYLDFFIDGPLGMKGYILNLTIRGQGVVKNQGREFVCRPGDILLFPPGEIMHPGRHPEAREWYGQWVYFRPRAYWHEW,118,C,PPGMPG
MAEAQNDPLLPGYSFNAHLVAGLQPIEANGYLDFFIDSPLGMKGYILNLTIRGQGVVKNQGREFVCRPGDILLFPPGEIPHLGRHPEAREWYPQWVYFRPRAYWHEW,117,C,PQSPLP
MAEAQNDPLLPGYSFNAHLVAGLDPIEANGYLDFFIDVPLGMKGYILNLTIRGQGVVKNQGREFVCRPGDILLFPPGEISHQGRHPEAREWYVQWVYFRPRAYWHEW,117,C,PDVSQV
MAEAQNDPLLPGYSFNAHLVAGLSPIEANGYLDFFIDWPLGMKGYILNLTIRGQGVVKNQGREFVCRPGDILLFPPGEIVHIGRHPEAREWYSQWVYFRPRAYWHEW,117,C,PSWVIS
MAEAQNDPLLPGYSFNAHLVAGLEPIEANGYLDFFIDRPLGMKGYILNLTIRGQGVVKNQGREFVCRPGDILLFPPGEIPHNGRHPEAREWYAQWVYFRPRAYWHEW,116,C,PERPNA
MAEAQNDPLLPGYSFNAHLVAGLMPIEANGYLDFFIDYPLGMKGYILNLTIRGQGVVKNQGREFVCRPGDILLFPPGEIDHTGRHPEAREWYWQWVYFRPRAYWHEW,116,C,PMYDTW
MAEAQNDPLLPGYSFNAHLVAGLPPIEANGYLDFFIDGPLGMKGYILNLTIRGQGVVKNQGREFVCRPGDILLFPPGEISHPGRHPEAREWYGQWVYFRPRAYWHEW,116,C,PPGSPG
MAEAQNDPLLPGYSFNAHLVAGLVPIEANGYLDFFIDVPLGMKGYILNLTIRGQGVVKNQGREFVCRPGDILLFPPGEISHPGRHPEAREWYLQWVYFRPRAYWHEW,115,C,PVVSPL
MAEAQNDPLLPGYSFNAHLVAGLPPIEANGYLDFFIDPPLGMKGYILNLTIRGQGVVKNQGREFVCRPGDILLFPPGEIPHVGRHPEAREWYTQWVYFRPRAYWHEW,114,C,PPPPVT
MAEAQNDPLLPGYSFNAHLVAGLSPIEANGYLDFFIDWPLGMKGYILNLTIRGQGVVKNQGREFVCRPGDILLFPPGEISHLGRHPEAREWYGQWVYFRPRAYWHEW,113,C,PSWSLG
MAEAQNDPLLPGYSFNAHLVAGLEPIEANGYLDFFIDLPLGMKGYILNLTIRGQGVVKNQGREFVCRPGDILLFPPGEIEHPGRHPEAREWYVQWVYFRPRAYWHEW,113,C,PELEPV
MAEAQNDPLLPGYSFNAHLVAGLGPIEANGYLDFFIDYPLGMKGYILNLTIRGQGVVKNQGREFVCRPGDILLFPPGEIPHHGRHPEAREWYQQWVYFRPRAYWHEW,112,C,PGYPHQ
MAEAQNDPLLPGYSFNAHLVAGLEPIEANGYLDFFIDCPLGMKGYILNLTIRGQGVVKNQGREFVCRPGDILLFPPGEISHLGRHPEAREWYVQWVYFRPRAYWHEW,112,C,PECSLV
MAEAQNDPLLPGYSFNAHLVAGLDPIEANGYLDFFIDCPLGMKGYILNLTIRGQGVVKNQGREFVCRPGDILLFPPGEIAHLGRHPEAREWYTQWVYFRPRAYWHEW,111,C,PDCALT
MAEAQNDPLLPGYSFNAHLVAGLMPIEANGYLDFFIDLPLGMKGYILNLTIRGQGVVKNQGREFVCRPGDILLFPPGEIPHAGRHPEAREWYLQWVYFRPRAYWHEW,110,C,PMLPAL
MAEAQNDPLLPGYSFNAHLVAGLTPIEANGYLDFFIDFPLGMKGYILNLTIRGQGVVKNQGREFVCRPGDILLFPPGEIMHPGRHPEAREWYGQWVYFRPRAYWHEW,110,C,PTFMPG
MAEAQNDPLLPGYSFNAHLVAGLCPIEANGYLDFFIDLPLGMKGYILNLTIRGQGVVKNQGREFVCRPGDILLFPPGEIFHVGRHPEAREWLWQWVYFRPRAYWHEW,109,R,PCLFVW
MAEAQNDPLLPGYSFNAHLVAGLEPIEANGYLDFFIDAPLGMKGYILNLTIRGQGVVKNQGREFVCRPGDILLFPPGEIIHTGRHPEAREWYRQWVYFRPRAYWHEW,108,C,PEAITR
MAEAQNDPLLPGYSFNAHLVAGLLPIEANGYLDFFIDVPLGMKGYILNLTIRGQGVVKNQGREFVCRPGDILLFPPGEIQHQGRHPEAREWYAQWVYFRPRAYWHEW,108,C,PLVQQA
MAEAQNDPLLPGYSFNAHLVAGLAPIEANGYLDFFIDIPLGMKGYILNLTIRGQGVVKNQGREFVCRPGDILLFPPGEIHHFGRHPEAREWYYQWVYFRPRAYWHEW,108,C,PAIHFY
MAEAQNDPLLPGYSFNAHLVAGLDPIEANGYLDFFIDAPLGMKGYILNLTIRGQGVVKNQGREFVCRPGDILLFPPGEIPHNGRHPEAREWYFQWVYFRPRAYWHEW,107,C,PDAPNF
MAEAQNDPLLPGYSFNAHLVAGLPPIEANGYLDFFIDIPLGMKGYILNLTIRGQGVVKNQGREFVCRPGDILLFPPGEIRHGGRHPEAREWYYQWVYFRPRAYWHEW,107,C,PPIRGY
MAEAQNDPLLPGYSFNAHLVAGLSPIEANGYLDFFID*PLGMKGYILNLTIRGQGVVKNQGREFVCRPGDILLFPPGEINHSGRHPEAREWYSQWVYFRPRAYWHEW,106,C,PS*NSS
MAEAQNDPLLPGYSFNAHLVAGLLPIEANGYLDFFIDLPLGMKGYILNLTIRGQGVVKNQGREFVCRPGDILLFPPGEIDHFGRHPEAREWYLQWVYFRPRAYWHEW,105,C,PLLDFL
MAEAQNDPLLPGYSFNAHLVAGLTPIEANGYLDFFIDMPLGMKGYILNLTIRGQGVVKNQGREFVCRPSDILLFPPGEIMHVGRHPEAREWYGQWVYFRPRAYWHEW,105,R,PTMMVG
MAEAQNDPLLPGYSFNAHLVAGLDPIEANGYLDFFIDGPLGMKGYILNLTIRGQGVVKNQGREFVCRPGDILLFPPGEITHPGRHPEAREWYGQWVYFRPRAYWHEW,104,C,PDGTPG
MAEAQNDPLLPGYSFNAHLVAGLPPIEANGYLDFFIDNPLGMKGYILNLTIRGQGVVKNQGREFVCRPGDILLFPPGEIGHYGRHPEAREWYCQWVYFRPRAYWHEW,104,C,PPNGYC
MAEAQNDPLLPGYSFNAHLVAGLLPIEANGYLDFFIDAPLGMKGYILNLTIRGQGVVKNQGREFVCRPGDILLFPPGEIFHTGRHPEAREWYVQWVYFRPRAYWHEW,104,C,PLAFTV
MAEAQNDPLLPGYSFNAHLVAGLAPIEANGYLDFFIDTPLGMKGYILNLTIRGQGVVKNQGREFVCRPGDILLFPPGEIEHPGRHPEAREWYGQWVYFRPRAYWHEW,104,C,PATEPG
MAEAQNDPLLPGYSFNAHLVAGLDPIEANGYLDFFIDYPLGMKGYILNLTIRGQGVVKNQGREFVCRPGDILLFPPGEIAHWGRHPEAREWYGQWVYFRPRAYWHEW,104,C,PDYAWG
MAEAQNDPLLPGYSFNAHLVAGLEPIEANGYLDFFIDFPLGMKGYILNLTIRGQGVVKNQGREFVCRPGDILLFPPGEIPHTGRHPEAREWYAQWVYFRPRAYWHEW,103,C,PEFPTA
MAEAQNDPLLPGYSFNAHLVAGLDPIEANGYLDFFIDRPLGMKGYILNLTIRGQGVVKNQGREFVCRPGDILLFPPGEIPHWGRHPEAREWYAQWVYFRPRAYWHEW,103,C,PDRPWA
MAEAQNDPLLPGYSFNAHLVAGLTPIEANGYLDFFIDRPLGMKGYILNLTIRGQGVVKNQGREFVCRPGDILLFPPGEIVHPGRHPEAREWYGQWVYFRPRAYWHEW,102,C,PTRVPG
MAEAQNDPLLPGYSFNAHLVAGLKPIEANGYLDFFIDHPLGMKGYILNLTIRGQGVVKNQGREFVCRPGDILLFPPGEIIHPGRHPEAREWYAQWVYFRPRAYWHEW,102,C,PKHIPA
MAEAQNDPLLPGYSFNAHLVAGLTPIEANGYLDFFIDRPLGMKGYILNLTIRGQGVVKNQGREFVCRPGDILLFPPGEIAHPGRHPEAREWYGQWVYFRPRAYWHEW,102,C,PTRAPG
MAEAQNDPLLPGYSFNAHLVAGLDPIEANGYLDFFIDDPLGMKGYILNLTIRGQGVVKNQGREFVCRPGDILLFPPGEIMHPGRHPEAREWYAQWVYFRPRAYWHEW,102,C,PDDMPA
MAEAQNDPLLPGYSFNAHLVAGLSPIEANGYLDFFIDDPLGMKGYILNLTIRGQGVVKNQGREFVCRPGDILLFPPGEIQHIGRHPEAREWYGQWVYFRPRAYWHEW,102,C,PSDQIG
MAEAQNDPLLPGYSFNAHLVAGLPPIEANGYLDFFIDTPLGMKGYILNLTIRGQGVVKNQGREFVCRPGDILLFPPGEIDHVGRHPEAREWYNQWVYFRPRAYWHEW,102,C,PPTDVN
MAEAQNDPLLPGYSFNAHLVAGLPPIEANGYLDFFIDQPLGMKGYILNLTIRGQGVVKNQGREFVCRPGDILLFPPGEIGHSGRHPEAREWY*QWVYFRPRAYWHEW,102,C,PPQGS*
MAEAQNDPLLPGYSFNAHLVAGLGPIEANGYLDFFIDVPLGMKGYILNLTIRGQGVVKNQGREFVCRPGDILLFPPGEIEHHGRHPEAREWYGQWVYFRPRAYWHEW,101,C,PGVEHG
MAEAQNDPLLPGYSFNAHLVAGLDPIEANGYLDFFIDQPLGMKGYILNLTIRGQGVVKNQGREFVCRPGDILLFPPGEIRHAGRHPEAREWYGQWVYFRPRAYWHEW,101,C,PDQRAG
MAEAQNDPLLPGYSFNAHLVAGLPPIEANGYLDFFIDLPLGMKGYILNLTIRGQGVVKNQGREFVCRPGDILLFPPGEISHPGRHPEAREWYGQWVYFRPRAYWHEW,101,C,PPLSPG
MAEAQNDPLLPGYSFNAHLVAGLVPIEANGYLDFFIDPPLGMKGYILNLTIRGQGVVKNQGREFVCRPGDILLFPPGEISHTGRHPEAREWYRQWVYFRPRAYWHEW,101,C,PVPSTR
MAEAQNDPLLPGYSFNAHLVAGLEPIEANGYLDFFIDGPLGMKGYILNLTIRGQGVVKNQGREFVCRPGDILLFPPGEITHTGRHPEAREWYCQWVYFRPRAYWHEW,100,C,PEGTTC
MAEAQNDPLLPGYSFNAHLVAGLEPIEANGYLDFFIDFPLGMKGYILNLTIRGQGVVKNQGREFVCRPGDILLFPPGEIDHAGRHPEAREWYVQWVYFRPRAYWHEW,100,C,PEFDAV
MAEAQNDPLLPGYSFNAHLVAGLEPIEANGYLDFFIDRPLGMKGYILNLTIRGQGVVKNQGREFVCRPGDILLFPPGEIDHTGRHPEAREWYQQWVYFRPRAYWHEW,99,C,PERDTQ
MAEAQNDPLLPGYSFNAHLVAGLDPIEANGYLDFFIDRPLGMKGYILNLTIRGQGVVKNQGREFVCRPGDILLFPPGEICHCGRHPEAREWYVQWVYFRPRAYWHEW,99,C,PDRCCV
MAEAQNDPLLPGYSFNAHLVAGLPPIEANGYLDFFIDSPLGMKGYILNLTIRGQGVVKNQGREFVCRPGDILLFPPGEIEHCGRHPEAREWYAQWVYFRPRAYWHEW,98,C,PPSECA
MAEAQNDPLLPGYSFNAHLVAGLDPIEANGYLDFFIDRPLGMKGYILNLTIRGQGVVKNQGREFVCRPGDILLFPPGEISHPGRHPEAREWYVQWVYFRPRAYWHEW,98,C,PDRSPV
MAEAQNDPLLPGYSFNAHLVAGLKPIEANGYLDFFIDRPLGMKGYILNLTIRGQGVVKNQGREFVCRPGDILLFPPGEIPHFGRHPEAREWYKQWVYFRPRAYWHEW,97,C,PKRPFK
MAEAQNDPLLPGYSFNAHLVAGLFPIEANGYLDFFIDRPLGMKGYILNLTIRGQGVVKNQGREFVCRPGDILLFPPGEIDHVGRHPEAREWYVQWVYFRPRAYWHEW,97,C,PFRDVV
MAEAQNDPLLPGYSFNAHLVAGLPPIEANGYLDFFIDGPLGMKGYILNLTIRGQGVVKNQGREFVCRPGDILLFPPGEINHPGRHPEAREWYSQWVYFRPRAYWHEW,97,C,PPGNPS
MAEAQNDPLLPGYSFNAHLVAGLNPIEANGYLDFFIDRPLGMKGYILNLTIRGQGVVKNQGREFVCRPGDILLFPPGEIKHAGRHPEAREWYAQWVYFRPRAYWHEW,97,C,PNRKAA
MAEAQNDPLLPGYSFNAHLVEGLTPIEANGYLDFFIDRPLGMKGYILNLTIRGQGVVKNQGREFVCRPGDILLFPPGEIPHPGRHPEAREWYAQWVYFRPRAYWHEW,97,R,PTRPPA
MAEAQNDPLLPGYSFNAHLVAGLDPIEANGYLDFFIDSPLGMKGYILNLTIRGQGVVKNQGREFVCRPGDILLFPPGEIAHSGRHPEAREWYAQWVYFRPRAYWHEW,96,C,PDSASA
MAEAQNDPLLPGYSFNAHLVAGLDPIEANGYLDFFIDNPLGMKGYILNLTIRGQGVVKNQGREFVCRPGDILLFPPGEISHSGRHPEAREWYVQWVYFRPRAYWHEW,96,C,PDNSSV
MAEAQNDPLLPGYSFNAHLVAGLVPIEANGYLDFFIDRPLGMKGYILNLTIRGQGVVKNQGREFVCRPGDILLFPPGEIVHPGRHPEAREWYGQWVYFRPRAYWHEW,95,C,PVRVPG
MAEAQNDPLLPGYSFNAHLVAGLPPIEANGYLDFFIDMPLGMKGYILNLTIRGQGVVKNQGREFVCRPGDILLFPPGEIPHPGRHPEAREWYGQWVYFRPRAYWHEW,95,C,PPMPPG
MAEAQNDPLLPGYSFNAHLVAGLPPIEANGYLDFFIDCPLGMKGYILNLTIRGQGVVKNQGREFVCRPGDILLFPPGEIPHVGRHPEAREWYCQWVYFRPRAYWHEW,95,C,PPCPVC
MAEAQNDPLLPGYSFNAHLVAGLPPIEANGYLDFFIDQPLGMKGYILNLTIRGQGVVKNQGREFVCRPGDILLFPPGEIPHGGRHPEAREWYAQWVYFRPRAYWHEW,95,C,PPQPGA
MAEAQNDPLLPGYSFNAHLVAGLKPIEANGYLDFFIDCPLGMKGYILNLTIRGQGVVKNQGREFVCRPGDILLFPPGEISHRGRHPEAREWYGQWVYFRPRAYWHEW,95,C,PKCSRG
MAEAQNDPLLPGYSFNAHLVAGLGPIEANGYLDFFIDRPLGMKGYILNLTIRGQGVVKNQGREFVCRPGDILLFPPGEIEHMGRHPEAREWYSQWVYFRPRAYWHEW,94,C,PGREMS
MAEAQNDPLLPGYSFNAHLVAGLKPIEANGYLDFFIDRPLGMKGYILNLTIRGQGVVKNQGREFVCRPGDILLFPPGEIRHPGRHPEAREWY*QWVYFRPRAYWHEW,94,C,PKRRP*
MAEAQNDPLLPGYSFNAHLVAGLKPIEANGYLDFFIDLPLGMKGYILNLTIRGQGVVKNQGREFVCRPGDILLFPPGEIVHAGRHPEAREWYGQWVYFRPRAYWHEW,94,C,PKLVAG
MAEAQNDPLLPGYSFNAHLVAGLCPIEANGYLDFFIDLPLGMKGYILNLTIRGQGVVKNQGREFVCRPGDILLFPPGEITHDGRHPEAREWYWQWVYFRPRAYWHEW,94,C,PCLTDW
MAEAQNDPLLPGYSFNAHLVAGLPPIEANGYLDFFIDLPLGMKGYILNLTIRGQGVVKNQGREFVCRPGDILLFPPGEIIHTGRHPEAREWYAQWVYFRPRAYWHEW,94,C,PPLITA
MAEAQNDPLLPGYSFNAHLVAGLSPIEANGYLDFFIDGPLGMKGYILNLTIRGQGVVKNQGREFVCRPGDILLFPPGEIPHPGRHPEAREWYLQWVYFRPRAYWHEW,94,C,PSGPPL
MAEAQNDPLLPGYSFNAHLVAGLTPIEANGYLDFFIDCPLGMKGYILNLTIRGQGVVKNQGREFVCRPGDILLFPPGEILHPGRHPEAREWYGQWVYFRPRAYWHEW,93,C,PTCLPG
MAEAQNDPLLPGYSFNAHLVAGLNPIEANGYLDFFIDQPLGMKGYILNLTIRGQGVVKNQGREFVCRPGDILLFPPGEIPHLGRHPEAREWYVQWVYFRPRAYWHEW,93,C,PNQPLV
MAEAQNDPLLPGYSFNAHLVAGLPPIEANGYLDFFIDRPLGMKGYILNLTIRGQGVVKNQGREFVCRPGDILLFPPGEIPHLGRHPEAREWYCQWVYFRPRAYWHEW,93,C,PPRPLC
MAEAQNDPLLPGYSFNAHLVAGLPPIEANGYLDFFIDMPLGMKGYILNLTIRGQGVVKNQGREFVCRPGDILLFPPGEIKHPGRHPEAREWYGQWVYFRPRAYWHEW,93,C,PPMKPG
MAEAQNDPLLPGYSFNAHLVAGLYPIEANGYLDFFIDVPLGMKGYILNLTIRGQGVVKNQGREFVCRPGDILLFPPGEILHEGRHPEAREWYFQWVYFRPRAYWHEW,93,C,PYVLEF
MAEAQNDPLLPGYSFNAHLVAGLTPIEANGYLDFFIDSPLGMKGYILNLTIRGQGVVKNQGREFVCRPGDILLFPPGEIPHSGRHPEAREWYSQWVYFRPRAYWHEW,93,C,PTSPSS
MAEAQNDPLLPGYSFNAHLVAGLSPIEANGYLDFFIDAPLGMKGYILNLTIRGQGVVKNQGREFVCRPGDILLFPPGEILHPGRHPEAREWYGQWVYFRPRAYWHEW,92,C,PSALPG
MAEAQNDPLLPGYSFNAHLVAGLYPIEANGYLDFFIDGPLGMKGYILNLTIRGQGVVKNQGREFVCRPGDILLFPPGEIQHPGRHPEAREWYAQWVYFRPRAYWHEW,92,C,PYGQPA
MAEAQNDPLLPGYSFNAHLVAGLDPIEANGYLDFFIDLPLGMKGYILNLTIRGQGVVKNQGREFVCRPGDILLFPPGEITHLGRHPEAREWYGQWVYFRPRAYWHEW,92,C,PDLTLG
MAEAQNDPLLPGYSFNAHLVAGLDPIEANGYLDFFIDPPLGMKGYILNLTIRGQGVVKNQGREFVCRPGDILLFPPGEITHLGRHPEAREWYVQWVYFRPRAYWHEW,91,C,PDPTLV
MAEAQNDPLLPGYSFNAHLVAGLNPIEANGYLDFFIDGPLGMKGYILNLTIRGQGVVKNQGREFVCRPGDILLFPPGEISHPGRHPEAREWYGQWVYFRPRAYWHEW,91,C,PNGSPG
MAEAQNDPLLPGYSFNAHLVAGLKPIEANGYLDFFIDCPLGMKGYILNLTIRGQGVVKNQGREFVCRPGDILLFPPGEIIHTGRHPEAREWYGQWVYFRPRAYWHEW,91,C,PKCITG
MAEAQNDPLLPGYSFNAHLVAGLDPIEANGYLDFFIDPPLGMKGYILNLTIRGQGVVKNQGREFVCRPGDILLFPPGEIVHTGRHPEAREWYSQWVYFRPRAYWHEW,90,C,PDPVTS
MAEAQNDPLLPGYSFNAHLVAGLTPIEANGYLDFFIDAPLGMKGYILNLTIRGQGVVKNQGREFVCRPGDILLFPPGEIAHQGRHPEAREWYGQWVYFRPRAYWHEW,90,C,PTAAQG
MAEAQNDPLLPGYSFNAHLVAGLSPIEANGYLDFFIDAPLGMKGYILNLTIRGQGVVKNQGREFVCRPGDILLFPPGEIVHVGRHPEAREWYYQWVYFRPRAYWHEW,90,C,PSAVVY
MAEAQNDPLLPGYSFNAHLVAGLPPIEANGYLDFFIDGPLGMKGYILNLTIRGQGVVKNQGREFVCRPGDILLFPPGEIPHAGRHPEAREWYSQWVYFRPRAYWHEW,90,C,PPGPAS
MAEAQNDPLLPGYSFNAHLVAGLPPIEANGYLDFFIDRPLGMKGYILNLTIRGQGVVKNQGREFVCRPGDILLFPPGEIQHCGRHPEAREWYAQWVYFRPRAYWHEW,90,C,PPRQCA
MAEAQNDPLLPGYSFNAHLVAGLPPIEANGYLDFFIDGPLGMKGYILNLTIRGQGVVKNQGREFVCRPGDILLFPPGEIGHPGRHPEAREWYGQWVYFRPRAYWHEW,89,C,PPGGPG
MAEAQNDPLLPGYSFNAHLVAGLLPIEANGYLDFFIDVPLGMKGYILNLTIRGQGVVKNQGREFVCRPGDILLFPPGEIRHSGRHPEAREWYRQWVYFRPRAYWHEW,89,C,PLVRSR
MAEAQNDPLLPGYSFNAHLVAGLAPIEANGYLDFFIDRPLGMKGYILNLTIRGQGVVKNQGREFVCRPGDILLFPPGEISHTGRHPEAREWYSQWVYFRPRAYWHEW,89,C,PARSTS
MAEAQNDPLLPGYSFNAHLVAGLQPIEANGYLDFFIDHPLGMKGYILNLTIRGQGVVKNQGREFVCRPGDILLFPPGEIPHPGRHPEAREWYGQWVYFRPRAYWHEW,89,C,PQHPPG
MAEAQNDPLLPGYSFNAHLVAGLHPIEANGYLDFFIDRPLGMKGYILNLTIRGQGVVKNQGREFVCRPGDILLFPPGEIFHYGRHPEAREWYLQWVYFRPRAYWHEW,89,C,PHRFYL
MAEAQNDPLLPGYSFNAHLVAGLLPIEANGYLDFFIDFPLGMKGYILNLTIRGQGVVKNQGREFVCRPGDILLFPPGEIRHPGRHPEAREWYGQWVYFRPRAYWHEW,89,C,PLFRPG
MAEAQNDPLLPGYSFNAHLVAGLLPIEANGYLDFFIDQPLGMKGYILNLTIRGQGVVKNQGREFVCRPGDILLFPPGEIFHRGRHPEAREWYNQWVYFRPRAYWHEW,89,C,PLQFRN
MAEAQNDPLLPGYSFNAHLVAGLQPIEANGYLDFFIDQPLGMKGYILNLTIRGQGVVKNQGREFVCRPGDILLFPPGEIPHPGRHPEAREWYGQWVYFRPRAYWHEW,88,C,PQQPPG
MAEAQNDPLLPGYSFNAHLVAGLWPIEANGYLDFFIDVPLGMKGYILNLTIRGQGVVKNQGREFVCRPGDILLFPPGEIAHSGRHPEAREWYVQWVYFRPRAYWHEW,88,C,PWVASV
MAEAQNDPLLPGYSFNAHLVAGL*PIEANGYLDFFIDGPLGMKGYILNLTIRGQGVVKNQGREFVCRPGDILLFPPGEILHGGRHPEAREWYGQWVYFRPRAYWHEW,88,C,P*GLGG
MAEAQNDPLLPGYSFNAHLVAGLDPIEANGYLDFFIDSPLGMKGYILNLTIRGQGVVKNQGREFVCRPGDILLFPPGEIQHYGRHPEAREWYVQWVYFRPRAYWHEW,87,C,PDSQYV
MAEAQNDPLLPGYSFNAHLVAGLSPIEANGYLDFFIDLPLGMKGYILNLTIRGQGVVKNQGREFVCRPGDILLFPPGEIMHPGRHPEAREWYGQWVYFRPRAYWHEW,87,C,PSLMPG
MAEAQNDPLLPGYSFNAHLVAGLSPIEANGYLDFFIDWPLGMKGYILNLTIRGQGVVKNQGREFVCRPGDILLFPPGEILHHGRHPEAREWYQQWVYFRPRAYWHEW,87,C,PSWLHQ
MAEAQNDPLLPGYSFNAHLVAGLIPIEANGYLDFFIDQPLGMKGYILNLTIRGQGVVKNQGREFVCRPGDILLFPPGEISHCGRHPEAREWYVQWVYFRPRAYWHEW,87,C,PIQSCV
MAEAQNDPLLPGYSFNAHLVAGLLPIEANGYLDFFIDVPLGMKGYILNLTIRGQGVVKNQGREFVCRPGDILLFPPGEIQHPGRHPEAREWYGQWVYFRPRAYWHEW,86,C,PLVQPG
MAEAQNDPLLPGYSFNAHLVEGLEPIEANGYLDFFIDGPLGMKGYILNLTIRGQGVVKNQGREFVCRPGDILLFPPGEIAHVGRHPEAREWYVQWVYFRPRAYWHEW,86,R,PEGAVV
MAEAQNDPLLPGYSFNAHLVAGLSPIEANGYLDFFIDRPLGMKGYILNLTIRGQGVVKNQGREFVCRPGDILLFPPGEIVHPGRHPEAREWYGQWVYFRPRAYWHEW,85,C,PSRVPG
MAEAQNDPLLPGYSFNAHLVAGLPPIEANGYLDFFIDSPLGMKGYILNLTIRGQGVVKNQGREFVCRPGDILLFPPGEIRHHGRHPEAREWYWQWVYFRPRAYWHEW,85,C,PPSRHW
MAEAQNDPLLPGYSFNAHLVAGLEPIEANGYLDFFIDVPLGMKGYILNLTIRGQGVVKNQGREFVCRPGDILLFPPGEIIHLGRHPEAREWYGQWVYFRPRAYWHEW,84,C,PEVILG
MAEAQNDPLLPGYSFNAHLVAGLPPIEANGYLDFFIDQPLGMKGYILNLTIRGQGVVKNQGREFVCRPGDILLFPPGEICHRGRHPEAREWYEQWVYFRPRAYWHEW,84,C,PPQCRE
MAEAQNDPLLPGYSFNAHLVAGLHPIEANGYLDFFIDCPLGMKGYILNLTIRGQGVVKNQGREFVCRPGDILLFPPGEITHPGRHPEAREWYGQWVYFRPRAYWHEW,84,C,PHCTPG
MAEAQNDPLLPGYSFNAHLVAGLTPIEANGYLDFFIDEPLGMKGYILNLTIRGQGVVKNQGREFVCRPGDILLFPPGEISHVGRHPEAREW*LQWVYFRPRAYWHEW,84,R,PTESVL
MAEAQNDPLLPGYSFNAHLVAGLDPIEANGYLDFFIDRPLGMKGYILNLTIRGQGVVKNQGREFVCRPGDILLFPPGEIPHPGRHPEAREWYLQWVYFRPRAYWHEW,84,C,PDRPPL
MAEAQNDPLLPGYSFNAHLVAGLSPIEANGYLDFFIDGPLGMKGYILNLTIRGQGVVKNQGREFVCRPGDILLFPPGEITHPGRHPEAREWYGQWVYFRPRAYWHEW,84,C,PSGTPG
MAEAQNDPLLPGYSFNAHLVAGLQPIEANGYLDFFIDLPLGMKGYILNLTIRGQGVVKNQGREFVCRPGDILLFPPGEIPHFGRHPEAREWYGQWVYFRPRAYWHEW,84,C,PQLPFG
MAEAQNDPLLPGYSFNAHLVAGLKPIEANGYLDFFIDPPLGMKGYILNLTIRGQGVVKNQGREFVCRPGDILLFPPGEIIHAGRHPEAREWYCQWVYFRPRAYWHEW,84,C,PKPIAC
MAEAQNDPLLPGYSFNAHLVAGLSPIEANGYLDFFIDWPLGMKGYILNLTIRGQGVVKNQGREFVCRPGDILLFPPGEI*HYGRHPEAREWYGQWVYFRPRAYWHEW,83,C,PSW*YG
MAEAQNDPLLPGYSFNAHLVAGLRPIEANGYLDFFIDPPLGMKGYILNLTIRGQGVVKNQGREFVCRPGDILLFPPGEIPHAGRHPEAREWYGQWVYFRPRAYWHEW,83,C,PRPPAG
MAEAQNDPLLPGYSFNAHLVAGLEPIEANGYLDFFIDVPLGMKGYILNLTIRGQGVVKNQGREFVCRPGDILLFPPGEIYHPGRHPEAREWYGQWVYFRPRAYWHEW,83,C,PEVYPG
MAEAQNDPLLPGYSFNAHLVAGLEPIEANGYLDFFIDCPLGMKGYILNLTIRGQGVVKNQGREFVCRPGDILLFPPGEIHHPGRHPEAREWYLQWVYFRPRAYWHEW,83,C,PECHPL
MAEAQNDPLLPGYSFNAHLVAGLEPIEANGYLDFFIDGPLGMKGYILNLTIRGQGVVKNQGREFVCRPGDILLFPPGEIMHPGRHPEAREWYSQWVYFRPRAYWHEW,82,C,PEGMPS
MAEAQNDPLLPGYSFNAHLVAGLEPIEANGYLDFFIDRPLGMKGYILNLTIRGQGVVKNQGREFVCRPGDILLFPPGEINHPGRHPEAREWYSQWVYFRPRAYWHEW,82,C,PERNPS
MAEAQNDPLLPGYSFNAHLVAGLSPIEANGYLDFFIDGPLGMKGYILNLTIRGQGVVKNQGREFVCRPGDILLFPPGEIHHPGRHPEAREWYGQWVYFRPRAYWHEW,82,C,PSGHPG
MAEAQNDPLLPGYSFNAHLVAGLDPIEADGYLDFFIDWPLGMKGYILNLTIRGQGVVKNQGREFVCRPGDILLFPPGEIPHAGRHPEAREWYWQWVYFRPRAYWHEW,82,R,PDWPAW
MAEAQNDPLLPGYSFNAHLVAGLQPIEANGYLDFFIDGPLGMKGYILNLTIRGQGVVKNQGREFVCRPGDILLFPPGEIPHPGRHPEAREWYGQWVYFRPRAYWHEW,82,C,PQGPPG
MAEAQNDPLLPGYSFNAHLVAGLNPIEANGYLDFFIDLPLGMKGYILNLTIRGQGVVKNQGREFVCRPGDILLFPPGEIEHQGRHPEAREWYLQWVYFRPRAYWHEW,81,C,PNLEQL
MAEAQNDPLLPGYSFNAHLVAGLHPIEANGYLDFFIDAPLGMKGYILNLTIRGQGVVKNQGREFVCRPGDILLFPPGEIPHAGRHPEAREWYAQWVYFRPRAYWHEW,81,C,PHAPAA
MAEAQNDPLLPGYSFNAHLVAGLEPIEANGYLDFFIDDPLGMKGYILNLTIRGQGVVKNQGREFVCRPGDILLFPPGEINHTGRHPEAREWYCQWVYFRPRAYWHEW,81,C,PEDNTC
MAEAQNDPLLPGYSFNAHLVAGLLPIEANGYLDFFIDGPLGMKGYILNLTIRGQGVVKNQGREFVCRPGDILLFPPGEIRHQGRHPEAREWY*QWVYFRPRAYWHEW,80,C,PLGRQ*
MAEAQNDPLLPGYSFNAHLVAGLRPIEANGYLDFFIDLPLGMKGYILNLTIRGQGVVKNQGREFVCRPGDILLFPPGEIAHLGRHPEAREWYGQWVYFRPRAYWHEW,80,C,PRLALG
MAEAQNDPLLPGYSFNAHLVAGLDPIEANGYLDFFIDGPLGMKGYILNLTIRGQGVVKNQGREFVCRPGDILLFPPGEIKHFGRHPEAREWYWQWVYFRPRAYWHEW,80,C,PDGKFW
MAEAQNDPLLPGYSFNAHLVAGLPPIEANGYLDFFIDCPLGMKGYILNLTIRGQGVVKNQGREFVCRPGDILLFPPGEIEHNGRHPEAREWYWQWVYFRPRAYWHEW,80,C,PPCENW
MAEAQNDPLLPGYSFNAHLVAGLTPIEANGYLDFFIDPPLGMKGYILNLTIRGQGVVKNQGREFVCRPGDILLFPPGEIPHGGRHPEAREWYRQWVYFRPRAYWHEW,80,C,PTPPGR
MAEAQNDPLLPGYSFNAHLVAGLLPIEANGYLDFFIDAPLGMKGYILNLTIRGQGVVKNQGREFVCRPGDILLFPPGEIHHLGRHPEAREWYGQWVYFRPRAYWHEW,80,C,PLAHLG
MAEAQNDPLLPGYSFNAHLVAGLNPIEANGYLDFFIDVPLGMKGYILNLTIRGQGVVKNQGREFVCRPGDILLFPPGEIPHQGRHPEAREWYGQWVYFRPRAYWHEW,79,C,PNVPQG
MAEAQNDPLLPGYSFNAHLVAGLSPIEANGYLDFFIDKPLGMKGYILNLTIRGQGVVKNQGREFVCRPGDILLFPPGEIGHPGRHPEAREWYAQWVYFRPRAYWHEW,79,C,PSKGPA
MAEAQNDPLLPGYSFNAHLVAGLEPIEANGYLDFFIDHPLGMKGYILNLTIRGQGVVKNQGREFVCRPGDILLFPPGEIVHAGRHPEAREWYKQWVYFRPRAYWHEW,79,C,PEHVAK
MAEAQNDPLLPGYSFNAHLVAGLPPIEANGYLDFFIDQPLGMKGYILNLTIRGQGVVKNQGREFVCRPGDILLFPPGEIHH*GRHPEAREWY*QWVYFRPRAYWHEW,79,C,PPQH**
MAEAQNDPLLPGYSFNAHLVAGLEPIEANGYLDFFIDGPLGMKGYILNLTIRGQGVVKNQGREFVCRPGDILLFPPGEIFHLGRHPEAREWYGQWVYFRPRAYWHEW,79,C,PEGFLG
MAEAQNDPLLPGYSFNAHLVAGLDPIEANGYLDFFIDSPLGMKGYILNLTIRGQGVVKNQGREFVCRPGDILLFPPGEIDHVGRHPEAREWYVQWVYFRPRAYWHEW,79,C,PDSDVV
MAEAQNDPLLPGYSFNAHLVAGLHPIEANGYLDFFIDDPLGMKGYILNLTIRGQGVVKNQGREFVCRPGDILLFPPGEIKHEGRHPEAREWYLQWVYFRPRAYWHEW,78,C,PHDKEL
MAEAQNDPLLPGYSFNAHLVAGLMPIEANGYLDFFIDCPLGMKGYILNLTIRGQGVVKNQGREFVCRPGDILLFPPGEILHPGRHPEAREWYGQWVYFRPRAYWHEW,78,C,PMCLPG
MAEAQNDPLLPGYSFNAHLVAGLEPIEANGYLDFFIDRPLGMKGYILNLTIRGQGVVKNQGREFVCRPGDILLFPPGEIPHPGRHPEAREWYFQWVYFRPRAYWHEW,78,C,PERPPF
MAEAQNDPLLPGYSFNAHLVAGLKPIEANGYLDFFIDLPLGMKGYILNLTIRGQGVVKNQGREFVCRPGDILLFPPGEIPHLGRHPEAREWYGQWVYFRPRAYWHEW,78,C,PKLPLG
MAEAQNDPLLPGYSFNAHLVAGLDPIEANGYLDFFIDPPLGMKGYILNLTIRGQGVVKNQGREFVCRPGDILLFPPGEIHHAGRHPEAREWYLQWVYFRPRAYWHEW,78,C,PDPHAL
MAEAQNDPLLPGYSFNAHLVAGLKPIEANGYLDFFIDGPLGMKGYILNLTIRGQGVVKNQGREFVCRPGDILLFPPGEITHTGRHPEAREWYAQWVYFRPRAYWHEW,78,C,PKGTTA
MAEAQNDPLLPGYSFNAHLVAGLPPIEANGYLDFFIDGPLGMKGYILNLTIRGQGVVKNQGREFVCRPGDILLFPPGEITHPGRHPEAREWYGQWVYFRPRAYWHEW,78,C,PPGTPG
MAEAQNDPLLPGYSFNAHLVAGLLPIEANGYLDFFIDRPLGMKGYILNLTIRGQGVVKNQGREFVCRPGDILLFPPGEIMHPGRHPEAREWYGQWVYFRPRAYWHEW,78,C,PLRMPG
MAEAQNDPLLPGYSFNAHLVAGLHPIEANGYLDFFIDRPLGMKGYILNLTIRGQGVVKNQGREFVCRPGDILLFPPGEITHRGRHPEAREWYKQWVYFRPRAYWHEW,77,C,PHRTRK
MAEAQNDPLLPGYSFNAHLVAGLDPIEANGYLDFFIDAPLGMKGYILNLTIRGQGVVKNQGREFVCRPGDILLFPPGEILHPGRHPEAREWYLQWVYFRPRAYWHEW,77,C,PDALPL
MAEAQNDPLLPGYSFNAHLVAGL*PIEANGYLDFFIDRPLGMKGYILNLTIRGQGVVKNQGREFVCRPGDILLFPPGEIPHSGRHPEAREWYAQWVYFRPRAYWHEW,77,C,P*RPSA
MAEAQNDPLLPGYSFNAHLVAGLLPIEANGYLDFFIDGPLGMKGYILNLTIRGQGVVKNQGREFVCRPGDILLFPPGEIMHKGRHPEAREWYRQWVYFRPRAYWHEW,77,C,PLGMKR
MAEAQNDPLLPGYSFNAHLVAGLDPIEANGYLDFFIDRPLGMKGYILNLTIRGQGVVKNQGREFVCRPGDILLFPPGEIQHMGRHPEAREWYPQWVYFRPRAYWHEW,76,C,PDRQMP
MAEAQNDPLLPGYSFNAHLVAGLEPIEANGYLDFFIDCPLGMKGYILNLTIRGQGVVKNQGREFVCRPGDILLFPPGEISHHGRHPEAREWYYQWVYFRPRAYWHEW,76,C,PECSHY
MAEAQNDPLLPGYSFNAHLVAGLTPIEANGYLDFFIDLPLGMKGYILNLTIRGQGVVKNQGREFVCRPGDILLFPPGEILHPGRHPEAREWYGQWVYFRPRAYWHEW,76,C,PTLLPG
MAEAQNDPLLPGYSFNAHLVAGLGPIEANGYLDFFIDSPLGMKGYILNLTIRGQGVVKNQGREFVCRPGDILLFPPGEIQHPGRHPEAREWYEQWVYFRPRAYWHEW,76,C,PGSQPE
MAEAQNDPLLPGYSFNAHLVAGLPPIEANGYLDFFIDHPLGMKGYILNLTIRGQGVVKNQGREFVCRPGDILLFPPGEIRHPGRHPEAREWYGQWVYFRPRAYWHEW,76,C,PPHRPG
MAEAQNDPLLPGYSFNAHLVAGLEPIEANGYLDFFIDGPLGMKGYILNLTIRGQGVVKNQGREFVCRPGDILLFPPGEIFHVGRHPEAREWYRQWVYFRPRAYWHEW,76,C,PEGFVR
MAEAQNDPLLPGYSFNAHLVAGLDPIEANGYLDFFIDRPLGMKGYILNLTIRGQGVVKNQGREFVCRPGDILLFPPGEIEHYGRHPEAREWYIQWVYFRPRAYWHEW,75,C,PDREYI
MAEAQNDPLLPGYSFNAHLVAGLPPIEANGYLDFFIDGPLGMKGYILNLTIRGQGVVKNQGREFVCRPGDILLFPPGEIYHRGRHPEAREWYYQWVYFRPRAYWHEW,75,C,PPGYRY
MAEAQNDPLLPGYSFNAHLVAGLSPIEANGYLDFFIDNPLGMKGYILNLTIRGQGVVKNQGREFVCRPGDILLFPPGEIDHAGRHPEAREWYVQWVYFRPRAYWHEW,75,C,PSNDAV
MAEAQNDPLLPGYSFNAHLVAGLRPIEANGYLDFFIDEPLGMKGYILNLTIRGQGVVKNQGREFVCRPGDILLFPPGEIIHAGRHPEAREWYGQWVYFRPRAYWHEW,75,C,PREIAG
MAEAQNDPLLPGYSFNAHLVAGLPPIEANGYLDFFIDWPLGMKGYILNLTIRGQGVVKNQGREFVCRPGDILLFPPGEIPHAGRHPEAREWYGQWVYFRPRAYWHEW,75,C,PPWPAG
MAEAQNDPLLPGYSFNAHLVAGLWPIEANGYLDFFLDSPLGMKGYILNLTIRGQGVVKNQGREFVCRPGDILLFPPGEIPHMGRHPEAREWY*QWVYFRPRAYWHEW,75,R,PWSPM*
MAEAQNDPLLPGYSFNAHLVAGLHPIEANGYLDFFIHGPLGMKGYILNLTIRGQGVVKNQGREFVCRPGDILLFPPGEISHSGRHPEAREWYCQWVYFRPRAYWHEW,75,R,PHGSSC
MAEAQNDPLLPGYSFNAHLVAGLEPIEANGYLDFFIDVPLGMKGYILNLTIRGQGVVKNQGREFVCRPGDILLFPPGEISHSGRHPEAREWYYQWVYFRPRAYWHEW,75,C,PEVSSY
MAEAQNDPLLPGYSFNAHLVAGLFPIEANGYLDFFIDLPLGMKGYILNLTIRGQGVVKNQGREFVCRPGDILLFPPGEITHDGRHPEAREWYGQWVYFRPRAYWHEW,75,C,PFLTDG
MAEAQNDPLLPGYSFNAHLVAGLTPIEANGYLDFFIDSPLGMKGYILNLTIRGQGVVKNQGREFVCRPGDILLFPPGEIAHRGRHPEAREWYGQWVYFRPRAYWHEW,75,C,PTSARG
MAEAQNDPLLPGYSFNAHLVAGLSPIEANGYLDFFIDVPLGMKGYILNLTIRGQGVVKNQGREFVCRPGDILLFPPGEIPHLGRHPEAREWYCQWVYFRPRAYWHEW,74,C,PSVPLC
MAEAQNDPLLPGYSFNAHLVAGLTPIEANGYLDFFIDSPLGMKGYILNLTIRGQGVVKNQGREFVCRPGDILLFPPGEIVHPGRHPEAREWYGQWVYFRPRAYWHEW,74,C,PTSVPG
MAEAQNDPLLPGYSFNAHLVAGLRPIEANGYLDFFIDLPLGMKGYILNLTIRGQGVVKNQGREFVCRPGDILLFPPGEIGHAGRHPEAREWYSQWVYFRPRAYWHEW,74,C,PRLGAS
MAEAQNDPLLPGYSFNAHLVAGLLPIEANGYLDFFIDWPLGMKGYILNLTIRGQGVVKNQGREFVCRPGDILLFPPGEIHHLGRHPEAREWYHQWVYFRPRAYWHEW,74,C,PLWHLH
MAEAQNDPLLPGYSFNAHLVAGLRPIEANGYLDFFIDRPLGMKGYILNLTIRGQGVVKNQGREFVCRPGDILLFPPGEISHHGRHPEAREWYMQWVYFRPRAYWHEW,74,C,PRRSHM
MAEAQNDPLLPGYSFNAHLVAGLPPIEANGYLDFFIDQPLGMKGYILNLTIRGQGVVKNQGREFVCRPGDILLFPPGEIPHHGRHPEAREWYAQWVYFRPRAYWHEW,74,C,PPQPHA
MAEAQNDPLLPGYSFNAHLVAGLPPIEANGYLDFFIDRPLGMKGYILNLTIRGQGVVKNQGREFVCRPGDILLFPPGEIRHPGRHPEAREWYGQWVYFRPRAYWHEW,74,C,PPRRPG
MAEAQNDPLLPGYSFNAHLVAGLEPIEANGYLDFFIDFPLGMKGYILNLTIRGQGVVKNQGREFVCRPGDILLFPPGEISHPGRHPEAREWYCQWVYFRPRAYWHEW,74,C,PEFSPC
MAEAQNDPLLPGYSFNAHLVAGLPPIEANGYLDFFIDGPLGMKGYILNLTIRGQGVVKNQGREFVCRPGDILLFPPGEIDHPGRHPEAREWYGQWVYFRPRAYWHEW,74,C,PPGDPG
MAEAQNDPLLPGYSFNAHLVAGLQPIEANGYLDFFIDTPLGMKGYILNLTIRGQGVVKNQGREFVCRPGDILLFPPGEIRHPGRHPEAREWYGQWVYFRPRAYWHEW,73,C,PQTRPG
MAEAQNDPLLPGYSFNAHLVAGLTPIEANGYLDFFIDSPLGMKGYILNLTIRGQGVVKNQGREFVCRPGDILLFPPGEIMHPGRHPEAREWYGQWVYFRPRAYWHEW,73,C,PTSMPG
MAEAQNDPLLPGYSFNAHLVAGLDPIEANGYLDFFIDSPLGMKGYILNLTIRGQGVVKNQGREFVCRPGDILLFPPGEIKHYGRHPEAREWYCQWVYFRPRAYWHEW,73,C,PDSKYC
MAEAQNDPLLPGYSFNAHLVAGLTPIEANGYLDFFIDRPLGMKGYILNLTIRGQGVVKNQGREFVCRPGDILLFPPGEIRHPGRHPEAREWYGQWVYFRPRAYWHEW,73,C,PTRRPG
MAEAQNDPLLPGYSFNAHLVAGLTPIEANGYLDFFIDWPLGMKGYILNLTIRGQGVVKNQGREFVCRPGDILLFPPGEISHHGRHPEAREWYAQWVYFRPRAYWHEW,73,C,PTWSHA
MAEAQNDPLLPGYSFNAHLVAGLDPIEANGYLDFFIDSPLGMKGYILNLTIRGQGVVKNQGREFVCRPGDILLFPPGEIEHAGRHPEAREWYMQWVYFRPRAYWHEW,73,C,PDSEAM
MAEAQNDPLLPGYSFNAHLVAGLTPIEANGYLDFFIDPPLGMKGYILNLTIRGQGVVKNQGREFVCRPGDILLFPPGEIGHPGRHPEAREWYVQWVYFRPRAYWHEW,72,C,PTPGPV
MAEAQNDPLLPGYSFNAHLVAGLNPIEANGYLDFFIDKPLGMKGYILNLTIRGQGVVKNQGREFVCRPGDILLFPPGEIPHIGRHPEAREWYGQWVYFRPRAYWHEW,71,C,PNKPIG
MAEAQNDPLLPGYSFNAHLVAGLDPIEANGYLDFFIDRPLGMKGYILNLTIRGQGVVKNQGREFVCRPGDILLFPPGEILHPGRHPEAREWYGQWVYFRPRAYWHEW,71,C,PDRLPG
MAEAQNDPLLPGYSFNAHLVAGLPPIEANGYLDFFIDRPLGMKGYILNLTIRGQGVVKNQGREFVCRPGDILLFPPGEINHPGRHPEAREWYAQWVYFRPRAYWHEW,71,C,PPRNPA
MAEAQNDPLLPGYSFNAHLVAGLGPIEANGYLDFFIDFPLGMKGYILNLTIRGQGVVKNQGREFVCRPGDILLFPPGEITHGGRHPEAREWYVQWVYFRPRAYWHEW,71,C,PGFTGV
MAEAQNDPLLPGYSFNAHLVAGLTPIEANGYLDFFIDRPLGMKGYILNLTIRGQGVVKNQGREFVCRPGDILLFPPGEITHPGRHPEAREWYGQWVYFRPRAYWHEW,71,C,PTRTPG
MAEAQNDPLLPGYSFNAHLVAGLVPIEANGYLDFFIDRPLGMKGYILNLTIRGQGVVKNQGREFVCRPGDILLFPPGEIFHPGRHPEAREWYGQWVYFRPRAYWHEW,70,C,PVRFPG
MAEAQNDPLLPGYSFNAHLVAGLHPIEANGYLDFFIDPPLGMKGYILNLTIRGQGVVKNQGREFVCRPGDILLFPPGEIPHIGRHPEAREWYFQWVYFRPRAYWHEW,70,C,PHPPIF
MAEAQNDPLLPGYSFNAHLVAGLTPIEANGYLDFFIDCPLGMKGYILNLTIRGQGVVKNQGREFVCRPGDILLFPPGEITHAGRHPEAREWYCQWVYFRPRAYWHEW,70,C,PTCTAC
MAEAQNDPLLPGYSFNAHLVAGLRPIEANGYLDFFIDTPLGMKGYILNLTIRGQGVVKNQGREFVCRPGDILLFPPGEIMHQGRHPEAREWYFQWVYFRPRAYWHEW,70,C,PRTMQF
MAEAQNDPLLPGYSFNAHLVAGLTPIEANGYLDFFIDEPLGMKGYILNLTIRGQGVVKNQGREFVCRPGDILLFPPGEIRHPGRHPEAREWYGQWVYFRPRAYWHEW,70,C,PTERPG
MAEAQNDPLLPGYSFNAHLVAGLPPIEANGYLDFFIDRPLGMKGYILNLTIRGQGVVKNQGREFVCRPGDILLFPPGEIVHVGRHPEAREWYAQWVYFRPRAYWHEW,70,C,PPRVVA
MAEAQNDPLLPGYSFNAHLVAGLTPIEANGYLDFFIDSPLGMKGYILNLTIRGQGVVKNQGREFVCRPGDILLFPPGEISHAGRHPEAREWYRQWVYFRPRAYWHEW,70,C,PTSSAR
MAEAQNDPLLPGYSFNAHLVAGLSPIEANGYLDFFIDIPLGMKGYILNLTIRGQGVVKNQGREFVCRPGDILLFPPGEIPHWGRHPEAREWYDQWVYFRPRAYWHEW,69,C,PSIPWD
MAEAQNDPLLPGYSFNAHLVAGLEPIEANGYLDFFIDAPLGMKGYILNLTIRGQGVVKNQGREFVCRPGDILLFPPGEIRHMGRHPEAREWYLQWVYFRPRAYWHEW,69,C,PEARML
MAEAQNDPLLPGYSFNAHLVAGLPPIEANGYLDFFIDGPLGMKGYILNLTIRGQGVVKNQGREFVCRPGDILLFPPGEMSTCGRHPEAREWYAQWVYFRPRAYWHEW,69,R,PPGSCA
MAEAQNDPLLPGYSFNAHLVAGLPPIEANGYLDFFIDRPLGMKGYILNLTIRGQGVVKNQGREFVCRPGDILLFPPGEILHCGRHPEAREWYAQWVYFRPRAYWHEW,69,C,PPRLCA
MAEAQNDPLLPGYSFNAHLVAGLRPIEANGYLDFFIDWPLGMKGYILNLTIRGQGVVKNQGREFVCRPGDILLFPPGEISHLGRHPEAREWYFQWVYFRPRAYWHEW,69,C,PRWSLF
MAEAQNDPLLPGYSFNAHLVAGLPPIEANGYLDFFIDCPLGMKGYILNLTIRGQGVVKNQGREFVCRPGDILLFPPGEITHLGRHPEAREWYSQWVYFRPRAYWHEW,69,C,PPCTLS
MAEAQNDPLLPGYSFNAHLVAGLEPIEANGYLDFFIDCPLGMKGYILNLTIRGQGVVKNQGREFVCRPGDILLFPPGEIRHLGRHPEAREWYTQWVYFRPRAYWHEW,68,C,PECRLT
MAEAQNDPLLPGYSFNAHLVAGLCPIEANGYLDFFIDSPLGMKGYILNLTIRGQGVVKNQGREFVCRPGDILLFPPGEIPHAGRHPEAREWYLQWVYFRPRAYWHEW,68,C,PCSPAL
MAEAQNDPLLPGYSFNAHLVAGLPPIEANGYLDFFIDRPLGMKGYILNLTIRGQGVVKNQGREFVCRPGDILLFPPGEISHVGRHPEAREWYAQWVYFRPRAYWHEW,68,C,PPRSVA
MAEAQNDPLLPGYSFNAHLVAGLQPIEANGYLDFFIDGPLGMKGYILNLTIRGQGVVKNQGREFVCRPGDILLFPPGEIVHAGRHPEAREWYAQWVYFRPRAYWHEW,68,C,PQGVAA
MAEAQNDPLLPGYSFNAHLVAGLDPIEANGYLDFFIDRPLGMKGYILNLTIRGQGVVKNQGREFVCRPGDILLFPPGEIRHIGRHPEAREWYYQWVYFRPRAYWHEW,68,C,PDRRIY
MAEAQNDPLLPGYSFNAHLVAGLDPIEANGYLDFFIDTPLGMKGYILNLTIRGQGVVKNQGREFVCRPGDILLFPPGEIWHAGRHPEAREWYGQWVYFRPRAYWHEW,68,C,PDTWAG
MAEAQNDPLLPGYSFNAHLVAGLLPIEANGYLDFFIDFPLGMKGYILNLTIRGQGVVKNQGREFVCRPGDILLFPPGEIPHTGRHPEAREWYQQWVYFRPRAYWHEW,68,C,PLFPTQ
MAEAQNDPLLPGYSFNAHLVAGLNPIEANGYLDFFIDGPLGMKGYILNLTIRGQGVVKNQGREFVCRPGDILLFPPGEIEHTGRHPEAREWYAQWVYFRPRAYWHEW,68,R,PNGETA
MAEAQNDPLLPGYSFNAHLVAGLEPIEANGYLDFFIDLPLGMKGYILNLTIRGQGVVKNQGREFVCRPGDILLFPPGEIAHPGRHPEAREWYTQWVYFRPRAYWHEW,68,C,PELAPT
MAEAQNDPLLPGYSFNAHLVAGLLPIEANGYLDFFIDRPLGMKGYILNLTIRGQGVVKNQGREFVCRPGDILLFPPGEIYHPGRHPEAREWYGQWVYFRPRAYWHEW,67,C,PLRYPG
MAEAQNDPLLPGYSFNAHLVAGLAPIEANGYLDFFIDGPLGMKGYILNLTIRGQGVVKNQGREFVCRPGDILLFPPGEISHAGRHPEAREWYGQWVYFRPRAYWHEW,67,C,PAGSAG
MAEAQNDPLLPGYSFNAHLVAGLEPIEANGYLDFFIDAPLGMKGYILNLTIRGQGVVKNQGREFVCRPGDILLFPPGEICHPGRHPEAREWYGQWVYFRPRAYWHEW,67,C,PEACPG
MAEAQNDPLLPGYSFNAHLVAGLKPIEANGYLDFFIDVPLGMKGYILNLTIRGQGVVKNQGREFVCRPGDILLFPPGEIQHPGRHPEAREWYGQWVYFRPRAYWHEW,67,C,PKVQPG
MAEAQNDPLLPGYSFNAHLVAGLPPIEANGYLDFFIDFPLGMKGYILNLTIRGQGVVKNQGREFVCRPGDILLFPPGEIPHTGRHPEAREWYGQWVYFRPRAYWHEW,67,C,PPFPTG
MAEAQNDPLLPGYSFNAHLVAGLDPIEANGYLDFFIDCPLGMKGYILNLTIRGQGVVKNQGREFVCRPGDILLFPPGEIPHGGRHPEAREWYVQWVYFRPRAYWHEW,67,C,PDCPGV
MAEAQNDPLLPGYSFNAHLVAGLSPIEANGYLDFFIDLPLGMKGYILNLTIRGQGVVKNQGREFVCRPGDILLFPPGEITHVGRHPEAREWY*QWVYFRPRAYWHEW,66,C,PSLTV*
MAEAQNDPLLPGYSFNAHLVAGLDPIEANGYLDFFIDPPLGMKGYILNLTIRGQGVVKNQGREFVCRPGDILLFPPGEINHSGRHPEAREWYQQWVYFRPRAYWHEW,66,C,PDPNSQ
MAEAQNDPLLPGYSFNAHLVAGLNPIEANGYLDFFIDFPLGMKGYILNLTIRGQGVVKNQGREFVCRPGDILLFPPGEIQHTGRHPEAREWYSQWVYFRPRAYWHEW,66,C,PNFQTS
MAEAQNDPLLPGYSFNAHLVAGLQPIEANGYLDFFIDLPLGMKGYILNLTIRGQGVVKNQGREFVCRPGDILLFPPGEIKHNGRHPEAREWYRQWVYFRPRAYWHEW,65,C,PQLKNR
MAEAQNDPLLPGYSFNAHLVAGLPPIEANGYLDFFIDRPLGMKGYILNLTIRGQGVVKNQGREFVCRPGDILLFPPGEITHPGRHPEAREWYGQWVYFRPRAYWHEW,65,C,PPRTPG
MAEAQNDPLLPGYSFNAHLVAGLDPIEANGYLDFFIDEPLGMKGYILNLTIRGQGVVKNQGREFVCRPGDILLFPPGEISHWGRHPEAREWYTQWVYFRPRAYWHEW,65,C,PDESWT
MAEAQNDPLLPGYSFNAHLVAGLSPIEANGYLDFFIGGPLGMKGYILNLTIRGQGVVKNQGREFVCRPGDILLFPPGEIKHYGRHPEAREWYQQWVYFRPRAYWHEW,64,R,PSGKYQ
MAEAQNDPLLPGYSFNAHLVAGLNPIEANGYLDFFIDYPLGMKGYILNLTIRGQGVVKNQGREFVCRPGDILLFPPGEIPHPGRHPEAREWYCQWVYFRPRAYWHEW,64,C,PNYPPC
MAEAQNDPLLPGYSFNAHLVAGLSPIEANGYLDFFIDSPLGMKGYILNLTIRGQGVVKNQGREFVCRPGDILLFPPGEILHPGRHPEAREWYGQWVYFRPRAYWHEW,64,C,PSSLPG
MAEAQNDPLLPGYSFNAHLVAGLMPIEANGYLDFFIDAPLGMKGYILNLTIRGQGVVKNQGREFVCRPGDILLFPPGEIAHHGRHPEAREWYLQWVYFRPRAYWHEW,64,C,PMAAHL
MAEAQNDPLLPGYSFNAHLVAGLTPIEANGYLDFFIDDPLGMKGYILNLTIRGQGVVKNQGREFVCRPGDILLFPPGEICHPGRHPEAREWYGQWVYFRPRAYWHEW,64,C,PTDCPG
MAEAQNDPLLPGYSFNAHLVAGLEPIEANGYLDFFIDSPLGMKGYILNLTIRGQGVVKNQGREFVCRPGDILLFPPGEITHGGRHPEAREWYGQWVYFRPRAYWHEW,64,C,PESTGG
MAEAQNDPLLPGYSFNAHLVAGLPPIEANGYLDFFIDRPLGMKGYILNLTIRGQGVVKNQGREFVCRPGDILLFPPGEIAHLGRHPEAREWYWQWVYFRPRAYWHEW,64,C,PPRALW
MAEAQNDPLLPGYSFNAHLVAGLPPIEANGYLDFFIDNPLGMKGYILNLTIRGQGVVKNQGREFVCRPGDILLFPPGEIQHDGRHPEAREWYPQWVYFRPRAYWHEW,64,C,PPNQDP
MAEAQNDPLLPGYSFNAHLVAGLDPIEANGYLDFFIDRPLGMKGYILNLTIRGQGVVKNQGREFVCRPGDILLFPPGEIGHAGRHPEAREWYGQWVYFRPRAYWHEW,64,C,PDRGAG
MAEAQNDPLLPGYSFNAHLVAGLPPIEANGYLDFFID*PLGMKGYILNLTIRGQGVVKNQGREFVCRPGDILLFPPGEIDHRGRHPEAREWYQQWVYFRPRAYWHEW,64,C,PP*DRQ
MAEAQNDPLLPGYSFNAHLVAGLDPIEANGYLDFFIDVPLGMKGYILNLTIRGQGVVKNQGREFVCRPGDILLFPPGEIIHPGRHPEAREWYAQWVYFRPRAYWHEW,64,C,PDVIPA
MAEAQNDPLLPGYSFNAHLVAGLPPIEANGYLDFFIDSPLGMKGYILNLTIRGQGVVKNQGREFVCRPGDILLFPPGEISHPGRHPEAREWYGQWVYFRPRAYWHEW,64,C,PPSSPG
MAEAQNDPLLPGYSFNAHLVAGLDPIEANGYLDFFIDRPLGMKGYILNLTIRGQGVVKNQGREFVCRPGDILLFPPGEIDHSGRHPEAREWYQQWVYFRPRAYWHEW,63,C,PDRDSQ
MAEAQNDPLLPGYSFNAHLVAGLPPIEANGYLDFFIDRPLGMKGYILNLTIRGQGVVKNQGREFVCRPGDILLFPPGEIPHAGRHPEAREWYGQWVYFRPRAYWHEW,63,C,PPRPAG
MAEAQNDPLLPGYSFNAHLVAGLSPIEANGYLDFFIDVPLGMKGYILNLTIRGQGVVKNQGREFVCRPGDILLFPPGEIAHDGRHPEAREWYCQWVYFRPRAYWHEW,63,C,PSVADC
MAEAQNDPLLPGYSFNAHLVAGLPPIEANGYLDFFIDSPLGMKGYILNLTIRGQGVVKNQGREFVCRPGDILLFPPGEIPHMGRHPEAREWYGQWVYFRPRAYWHEW,63,C,PPSPMG
MAEAQNDPLLPGYSFNAHLVAGLAPIEANGYLDFFIDPPLGMKGYILNLTIRGQGVVKNQGREFVCRPGDILLFPPGEIIHAGRHPEAREWYAQWVYFRPRAYWHEW,63,C,PAPIAA
MAEAQNDPLLPGYSFNAHLVAGLAPIEANGYLDFFIDLPLGMKGYILNLTIRGQGVVKNQGREFVCRPGDILLFPPGEIRHTGRHPEAREWYSQWVYFRPRAYWHEW,63,C,PALRTS
MAEAQNDPLLPGYSFNAHLVAGL*PIEANGYLDFFIDRPLGMKGYILNLTIRGQGVVKNQGREFVCRPGDILLFPPGEIFHTGRHPEAREWYRQWVYFRPRAYWHEW,63,C,P*RFTR
MAEAQNDPLLPGYSFNAHLVAGLKPIEANGYLDFFIDRPLGMKGYILNLTIRGQGVVKNQGREFVCRPGDILLFPPGEIAHTGRHPEAREWYGQWVYFRPRAYWHEW,63,C,PKRATG
MAEAQNDPLLPGYSFNAHLVAGLKPIEANGYLDFFIDLPLGMKGYILNLTIRGQGVVKNQGREFVCRPGDILLFPPGEISHTGRHPEAREWYAQWVYFRPRAYWHEW,63,C,PKLSTA
MAEAQNDPLLPGYSFNAHLVAGLSPIEANGYLDFFIDWPLGMKGYILNLTIRGQGVVKNQGREFVCRPGDILLFPPGEIKHPGRHPEAREWYGQWVYFRPRAYWHEW,62,C,PSWKPG
MAEAQNDPLLPGYSFNAHLVAGLGPIEANGYLDFFIDPPLGMKGYILNLTIRGQGVVKNQGREFVCRPGDILLFPPGEIHHMGRHPEAREWYAQWVYFRPRAYWHEW,62,C,PGPHMA
MAEAQNDPLLPGYSFNAHLVAGLPPIEANGYLDFFIDPPLGMKGYILNLTIRGQGVVKNQGREFVCRPGDILLFPPGEIQHAGRHPEAREWYVQWVYFRPRAYWHEW,62,C,PPPQAV
MAEAQNDPLLPGYSFNAHLVAGLTPIEADGYLDFFIDRPLGMKGYILNLTIRGQGVVKNQGREFVCRPGDILLFPPGEIMHTGRHPEAREWYQQWVYFRPRAYWHEW,62,R,PTRMTQ
MAEAQNDPLLPGYSFNAHLVAGLLPIEANGYLDFFIDKPLGMKGYILNLTIRGQGVVKNQGREFVCRPGDILLFPPGEIHHPGRHPEAREWYGQWVYFRPRAYWHEW,62,C,PLKHPG
MAEAQNDPLLPGYSFNAHLVAGLDPIEANGYLDFFIDMPLGMKGYILNLTIRGQGVVKNQGREFVCRPGDILLFPPGEISHCGRHPEAREWYVQWVYFRPRAYWHEW,62,C,PDMSCV
MAEAQNDPLLPGYSFNAHLVAGLLPIEANGYLDFFIDWPLGMKGYILNLTIRGQGVVKNQGREFVCRPGDILLFPPGEIKHVGRHPEAREWYDQWVYFRPRAYWHEW,61,C,PLWKVD
MAEAQNDPLLPGYSFNAHLVAGLRPIEANGYLDFFIDMPLGMKGYILNLTIRGQGVVKNQGREFVCRPGDILLFPPGEI*HTGRHPEAREWYTQWVYFRPRAYWHEW,61,C,PRM*TT
MAEAQNDPLLPGYSFNAHLVAGLEPIEANGYLDFFIDHPLGMKGYILNLTIRGQGVVKNQGREFVCRPGDILLFPPGEIVHPGRHPEAREWYRQWVYFRPRAYWHEW,61,C,PEHVPR
MAEAQNDPLLPGYSFNAHLVAGLQPIEANGYLDFFIDTPLGMKGYILNLTIRGQGVVKNQGREFVCRPGDILLFPPGEIVHPGRHPEAREWYGQWVYFRPRAYWHEW,61,C,PQTVPG
MAEAQNDPLLPGYSFNAHLVAGLDPIEANGYLDFFIDRPLGMKGYILNLTIRGQGVVKNQGREFVCRPGDILLFPPGEIPHQGRHPEAREWYMQWVYFRPRAYWHEW,61,C,PDRPQM
MAEAQNDPLLPGYSFNAHLVAGLEPIEANGYLDFFIDRPLGMKGYILNLTIRGQGVVKNQGREFVCRPGDILLFPPGEIPHVGRHPEAREWYVQWVYFRPRAYWHEW,61,C,PERPVV
MAEAQNDPLLPGYSFNAHLVAGLRPIEANGYLDFFIDLPLGMKGYILNLTIRGQGVVKNQGREFVCRPGDILLFPPGEIGHAGRHPEAREWYCQWVYFRPRAYWHEW,61,C,PRLGAC
MAEAQNDPLLPGYSFNAHLVAGLRPIEANGYLDFFIDVPLGMKGYILNLTIRGQGVVKNQGREFVCRPGDILLFPPGEITHTGRHPEAREWYPQWVYFRPRAYWHEW,61,C,PRVTTP
MAEAQNDPLLPGYSFNAHLVAGLVPIEANGYLDFFIDLPLGMKGYILNLTIRGQGVVKNQGREFVCRPGDILLFPPGEIAHPGRHPEAREWYGQWVYFRPRAYWHEW,61,C,PVLAPG
MAEAQNDPLLPGYSFNAHLVAGLAPIEANGYLDFFIDSPLGMKGYILNLTIRGQGVVKNQGREFVCRPGDILLFPPGEIAHAGRHPEAREWYPQWVYFRPRAYWHEW,60,C,PASAAP
MAEAQNDPLLPGYSFNAHLVAGLSPIEANGYLDFFIDMPLGMKGYILNLTIRGQGVVKNQGREFVCRPGDILLFPPGEITHPGRHPEAREWYGQWVYFRPRAYWHEW,60,C,PSMTPG
MAEAQNDPLLPGYSFNAHLVAGLTPIEANGYLDFFIDGPLGMKGYILNLTIRGQGVVKNQGREFVCRPGDILLFPPGEIPHTGRHPEAREWYGQWVYFRPRAYWHEW,60,C,PTGPTG
MAEAQNDPLLPGYSFNAHLVAGLTPIEANGYLDFFIDRPLGMKGYILNLTIRGQGVVKNQGREFVCRPGDILLFPPGEISHSGRHPEAREWYHQWVYFRPRAYWHEW,60,C,PTRSSH
MAEAQNDPLLPGYSFNAHLVAGLMPIEANGYLDFFIDTPLGMKGYILNLTIRGQGVVKNQGREFVCRPGDILLFPPGEIPHLGRHPEAREWYGQWVYFRPRAYWHEW,60,C,PMTPLG
MAEAQNDPLLPGYSFNAHLVAGLGPIEANGYLDFFIDAPLGMKGYILNLTIRGQGVVKNQGREFVCRPGDILLFPPGEIYHGGRHPEAREWYGQWVYFRPRAYWHEW,60,C,PGAYGG
MAEAQNDPLLPGYSFNAHLVAGLKPIEANGYLDFFIDDPLGMKGYILNLTIRGQGVVKNQGREFVCRPGDILLFPPGEICHSGRHPEAREWYRQWVYFRPRAYWHEW,60,C,PKDCSR
MAEAQNDPLLPGYSFNAHLVAGL*PIEANGYLDFFIDMPLGMKGYILNLTIRGQGVVKNQGREFVCRPGDILLFPPGEI*HPGRHPEAREWYDQWVYFRPRAYWHEW,60,C,P*M*PD
MAEAQNDPLLPGYSFNAHLVAGLGPIEANGYLDFFIDAPLGMKGYILNLTIRGQGVVKNQGREFVCRPGDILLFPPGEIKHAGRHPEAREWYVQWVYFRPRAYWHEW,60,C,PGAKAV
MAEAQNDPLLPGYSFNAHLVAGLTPIEANGYLDFFIDSPLGMKGYILNLTIRGQGVVKNQGREFVCRPGDILLFPPGEIFHPGRHPEAREWYVQWVYFRPRAYWHEW,60,C,PTSFPV
MAEAQNDPLLPGYSFNAHLVAGLPPTEANGYLDFFIDQPLGMKGYILNLTIRGQGVVKNQGREFVCRPGDILLFPPGEIGHLGRHPEAREWYHQWVYFRPRAYWHEW,60,R,PPQGLH
MAEAQNDPLLPGYSFNAHLVAGLTPIEANGYLDFFIDCPLGMKGYILNLTIRGQGVVKNQGREFVCRPGDILLFPPGEISHEGRHPEAREWYQQWVYFRPRAYWHEW,60,C,PTCSEQ
MAEAQNDPLLPGYSFNAHLVAGLCPIEANGYLDFFIDAPLGMKGYILNLTIRGQGVVKNQGREFVCRPGDILLFPPGEIDHPGRHPEAREWYGQWVYFRPRAYWHEW,60,C,PCADPG
MAEAQNDPLLPGYSFNAHLVAGLSPIEANGYLDFFIDCPLGMKGYILNLTIRGQGVVKNQGREFVCRPGDILLFPPGEIPHAGRHPEAREWYGQWVYFRPRAYWHEW,60,C,PSCPAG
MAEAQNDPLLPGYSFNAHLVAGLSPIEANGYLDFFIDRPLGMKGYILNLTIRGQGVVKNQGREFVCRPGDILLFPPGEIPHLGRHPEAREWYPQWVYFRPRAYWHEW,59,C,PSRPLP
MAEAQNDPLLPGYSFNAHLVAGLPPIEANGYLDFFIDPPLGMKGYILNLTIRGQGVVKNQGREFVCRPGDILLFPPGEITHIGRHPEAREWYKQWVYFRPRAYWHEW,59,C,PPPTIK
MAEAQNDPLLPGYSFNAHLVAGLQPIEANGYLDFFIDAPLGMKGYILNLTIRGQGVVKNQGREFVCRPGDILLFPPGEIKHPGRHPEAREWYKQWVYFRPRAYWHEW,59,C,PQAKPK
MAEAQNDPLLPGYSFNAHLVAGLTPIEANGYLDFFIDTPLGMKGYILNLTIRGQGVVKNQGREFVCRPGDILLFPPGEIRHVGRHPEAREWYAQWVYFRPRAYWHEW,59,C,PTTRVA
MAEAQNDPLLPGYSFNAHLVAGLIPIEANGYLDFFIDWPLGMKGYILNLTIRGQGVVKNQGREFVCRPGDILLFPPGEIHHLGRHPEAREWYFQWVYFRPRAYWHEW,59,C,PIWHLF
MAEAQNDPLLPGYSFNAHLVAGLRPIEANGYLDFFIDLPLGMKGYILNLTIRGQGVVKNQGREFVCRPGDILLFPPGEIHHPGRHPEAREWYGQWVYFRPRAYWHEW,59,C,PRLHPG
MAEAQNDPLLPGYSFNAHLVAGLPPIEANGYLDFFIDMPLGMKGYILNLTIRGQGVVKNQGREFVCRPGDILLFPPGEIIHTGRHPEAREWYCQWVYFRPRAYWHEW,59,C,PPMITC
MAEAQNDPLLPGYSFNAHLVAGLKPIEANGYLDFFIDFPLGMKGYILNLTIRGQGVVKNQGREFVCRPGDILLFPPGEIPHLGRHPEAREWYGQWVYFRPRAYWHEW,59,C,PKFPLG
MAEAQNDPLLPGYSFNAHLVAGLYPIEANGYLDFFIDCPLGMKGYILNLTIRGQGVVKNQGREFVCRPGDILLFPPGEIPHPGRHPEAREWYGQWVYFRPRAYWHEW,59,C,PYCPPG
MAEAQNDPLLPGYSFNAHLVAGLSPIEANGYLDFFIDDPLGMKGYILNLTIRGQGVVKNQGREFVCRPGDILLFPPGEIFHTGRHPEAREWYLQWVYFRPRAYWHEW,59,C,PSDFTL
MAEAQNDPLLPGYSFNAHLVAGLDPIEANGYLDFFIDGPLGMKGYILNLTIRGQGVVKNQGREFVCRPGDILLFPPGEIMHPGRHPEAREWYTQWVYFRPRAYWHEW,59,C,PDGMPT
MAEAQNDPLLPGYSFNAHLVAGLPPIEANGYLDFFIDCPLGMKGYILNLTIRGQGVVKNQGREFVCRPGDILLFPPGEITHNGRLPEAREWY*QWVYFRPRAYWHEW,59,R,PPCTN*
MAEAQNDPLLPGYSFNAHLVAGLGPIEANGYLDFFIDAPLGMKGYILNLTIRGQGVVKNQGREFVCRPGDILLFPPGEIFHGGRHPEAREWYGQWVYFRPRAYWHEW,58,C,PGAFGG
MAEAQNDPLLPGYSFNAHLVAGLMPIEANGYLDFFIDRPLGMKGYILNLTIRGQGVVKNQGREFVCRPGDILLFPPGEIYHPGRHPEAREWYGQWVYFRPRAYWHEW,58,C,PMRYPG
MAEAQNDPLLPGYSFNAHLVAGLLPIEANGYLDFFIDSPLGMKGYILNLTIRGQGVVKNQGREFVCRPGDILLFPPGEIAHAGRHPEAREWYCQWVYFRPRAYWHEW,58,C,PLSAAC
MAEAQNDPLLPGYSFNAHLVAGLNPIEANGYLDFFIDSPLGMKGYILNLTIRGQGVVKNQGREFVCRPGDILLFPPGEIRHPGRHPEAREWYGQWVYFRPRAYWHEW,58,C,PNSRPG
MAEAQNDPLLPGYSFNAHLVAGLEPIEANGYLDFFIDGPLGMKGYILNLTIRGQGVVKNQGREFVCRPGDILLFPPGEIAHLGRHPEAREWYGQWVYFRPRAYWHEW,58,C,PEGALG
MAEAQNDPLLPGYSFNAHLVAGLLPIEANGYLDFFIDGPLGMKGYILNLTIRGQGVVKNQGREFVCRPGDILLFPPGEISHPGRHPEAREWYGQWVYFRPRAYWHEW,58,C,PLGSPG
MAEAQNDPLLPGYSFNAHLVAGLSPIEANGYLDFFIDLPLGMKGYILNLTIRGQGVVKNQGREFVCRPGDILLFPPGEITHPGRHPEAREWYGQWVYFRPRAYWHEW,58,C,PSLTPG
MAEAQNDPLLPGYSFNAHLVAGLAPIEANGYLDFFIDSPLGMKGYILNLTIRGQGVVKNQGREFVCRPGDILLFPPGEIRHFGRHPEAREWYLQWVYFRPRAYWHEW,58,C,PASRFL
MAEAQNDPLLPGYSFNAHLVAGLKPIEANGYLDFFIDSPLGMKGYILNLTIRGQGVVKNQGREFVCRPGDILLFPPGEIGHTGRHPEAREWYLQWVYFRPRAYWHEW,58,C,PKSGTL
MAEAQNDPLLPGYSFNAHLVAGLTPIEANGYLDFFIDRPLGMKGYILNLTIRGQGVVKNQGREFVCRPGDILLFPPGEIGHLGRHPEAREWYVQWVYFRPRAYWHEW,58,C,PTRGLV
MAEAQNDPLLPGYSFNAHLVAGLQPIEANGYLDFFIDRPLGMKGYILNLTIRGQGVVKNQGREFVCRPGDILLFPPGEIPHAGRHPEAREWYCQWVYFRPRAYWHEW,57,C,PQRPAC
MAEAQNDPLLPGYSFNAHLVAGLDPIEANGYLDFFIDIPLGMKGYILNLTIRGQGVVKNQGREFVCRPGDILLFPPGEIPHTGRHPEAREWYTQWVYFRPRAYWHEW,57,C,PDIPTT
MAEAQNDPLLPGYSFNAHLVAGLKPIEANGYLDFFIDMPLGMKGYILNLTIRGQGVVKNQGREFVCRPGDILLFPPGEIRHRGRHPEAREWYIQWVYFRPRAYWHEW,57,C,PKMRRI
MAEAQNDPLLPGYSFNAHLVAGLPPIEANGYLDFFIDLPLGMKGYILNLTIRGQGVVKNQGREFVCRPGDILLFPPGEIAHLGRHPEAREWYWQWVYFRPRAYWHEW,57,C,PPLALW
MAEAQNDPLLPGYSFNAHLVAGLTPIEANGYLDFFIDLPLGMKGYILNLTIRGQGVVKNQGREFVCRPGDILLFPPGEIYHPGRHPEAREWYGQWVYFRPRAYWHEW,57,C,PTLYPG
MAEAQNDPLLPGYSFNAHLVAGLGPIEANGYLDFFIDRPLGMKGYILNLTIRGQGVVKNQGREFVCRPGDILLFPPGEIFHTGRHPEAREWYCQWVYFRPRAYWHEW,57,C,PGRFTC
MAEAQNDPLLPGYSFNAHLVAGLTPIEANGYLDFFIDCPLGMKGYILNLTIRGQGVVKNQGREFVCRPGDILLFPPGEISHLGRHPEAREWY*QWVYFRPRAYWHEW,57,C,PTCSL*
MAEAQNDPLLPGYSFNAHLVAGLMPIEANGYLDFFIDSPLGMKGYILNLTIRGQGVVKNQGREFVCRPGDILLFPPGEITHPGRHPEAREWYLQWVYFRPRAYWHEW,57,C,PMSTPL
MAEAQNDPLLPGYSFNAHLVAGLNPIEANGYLDFFIDTPLGMKGYILNLTIRGQGVVKNQGREFVCRPGDILLFPPGEILHPGRHPEAREWYGQWVYFRPRAYWHEW,57,C,PNTLPG
MAEAQNDPLLPGYSFNAHLVAGLPPIEANGYLDFFIDSPLGMKGYILNLTIRGQGVVKNQGREFVCRPGDILLFPPGEIRHPGRHPEAREWYGQWVYFRPRAYWHEW,57,C,PPSRPG
MAEAQNDPLLPGYSFNAHLVAGLPPIEANGYLDFFIDRPLGMKGYILNLTIRGQGVVKNQGREFVCRPGDILLFPPGEIPHTGRHPEAREWYGQWVYFRPRAYWHEW,57,C,PPRPTG
MAEAQNDPLLPGYSFNAHLVAGLSPIEANGYLDFFIDQPLGMKGYILNLTIRGQGVVKNQGREFVCRPGDILLFPPGEI*HAGRHPEAREWYIQWVYFRPRAYWHEW,57,C,PSQ*AI
MAEAQNDPLLPGYSFNAHLVAGLPPIEANGYLDFFIDMPLGMKGYILNLTIRGQGVVKNQGREFVCRPGDILLFPPGEIGHPGRHPEAREWYGQWVYFRPRAYWHEW,57,C,PPMGPG
MAEAQNDPLLPGYSFNAHLVAGLLPIEANGYLDFFIDLPLGMKGYILNLTIRGQGVVKNQGREFVCRPGDILLFPPGEIPHPGRHPEAREWYDQWVYFRPRAYWHEW,57,C,PLLPPD
MAEAQNDPLLPGYSFNAHLVAGLFPIEANGYLDFFIDHPLGMKGYILNLTIRGQGVVKNQGREFVCRPGDILLFPPGEIHHAGRHPEAREWYVQWVYFRPRAYWHEW,56,C,PFHHAV
MAEAQNDPLLPGYSFNAHLVAGLLPIEANGYLDFFIDRPLGMKGYILNLTIRGQGVVKNQGREFVCRPGDILLFPPGEIRHSGRHPEAREWYLQWVYFRPRAYWHEW,56,C,PLRRSL
MAEAQNDPLLPGYSFNAHLVAGLPPIEANGYLDFFIDVPLGMKGYILNLTIRGQGVVKNQGREFVCRPGDILLFPPGEITHAGRHPEAREWYRQWVYFRPRAYWHEW,56,C,PPVTAR
MAEAQNDPLLPGYSFNAHLVAGLTPIEANGYLDFFIDAPLGMKGYILNLTIRGQGVVKNQGREFVCRPGDILLFPPGEIAHKGRHPEAREWY*QWVYFRPRAYWHEW,56,C,PTAAK*
MAEAQNDPLLPGYSFNAHLVAGLSPIEANGYLDFFIDRPLGMKGYILNLTIRGQGVVKNQGREFVCRPGDILLFPPGEITHPGRHPEAREWYGQWVYFRPRAYWHEW,56,C,PSRTPG
MAEAQNDPLLPGYSFNAHLVAGLMPIEANGYLDFFIDMPLGMKGYILNLTIRGQGVVKNQGREFVCRPGDILLFPPGEIRHAGRHPEAREWYQQWVYFRPRAYWHEW,56,C,PMMRAQ
MAEAQNDPLLPGYSFNAHLVAGLPPIEANGYLDFFIDGPLGMKGYILNLTIRGQGVVKNQGREFVCRPGDILLFPPGEIPHAGRHPEAREWYGQWVYFRPRAYWHEW,56,C,PPGPAG
MAEAQNDPLLPGYSFNAHLVAGLTPIEANGYLDFFIDWPLGMKGYILNLTIRGQGVVKNQGREFVCRPGDILLFPPGEIAHPGRHPEAREWYGQWVYFRPRAYWHEW,56,C,PTWAPG
MAEAQNDPLLPGYSFNAHLVAGLQPIEANGYLDFFIDRPLGMKGYILNLTIRGQGVVKNQGREFVCRPGDILLFPPGEIAHTGRHPEAREWYPQWVYFRPRAYWHEW,56,C,PQRATP
MAEAQNDPLLPGYSFNAHLVAGLRPIEANGYLDFFIDRPLGMKGYILNLTIRGQGVVKNQGREFVCRPGDILLFPPGEIPHAGRHPEAREW**QWVYFRPRAYWHEW,56,R,PRRPA*
MAEAQNDPLLPGYSFNAHLVAGLSPIEANGYLDFFIDSPLGMKGYILNLTIRGQGVVKNQGREFVCRPGDILLFPPGEIPHMGRHPEAREWYGQWVYFRPRAYWHEW,56,C,PSSPMG
MAEAQNDPLLPGYSFNAHLVAGLTPIEANGYLDFFIDSPLGMKGYILNLTIRGQGVVKNQGREFVCRPGDILLFPPGEILHCGRHAEAREWYEQWVYFRPRAYWHEW,56,R,PTSLCE
MAEAQNDPLLPGYSFNAHLVAGLTPIEANGYLDFFIDWPLGMKGYILNLTIRGQGVVKNQGREFVCRPGDILLFPPGEIVHAGRHPEAREWYWQWVYFRPRAYWHEW,55,C,PTWVAW
MAEAQNDPLLPGYSFNAHLVAGLAPIEANGYLDFFIDRPLGMKGYILNLTIRGQGVVKNQGREFVCRPGDILLFPPGEILHFGRHPEAREWYGQWVYFRPRAYWHEW,55,C,PARLFG
MAEAQNDPLLPGYSFNAHLVAGLPPIEANGYLDFFIDRPLGMKGYILNLTIRGQGVVKNQGREFVCRPGDILLFPPGEIKHTGRHPEAREWYPQWVYFRPRAYWHEW,55,C,PPRKTP
MAEAQNDPLLPGYSFNAHLVAGLPPIEANGYLDFFIDSPLGMKGYILNLTIRGQGVVKNQGREFVCRPGDILLFPPGEIVHPGRHPEAREWYVQWVYFRPRAYWHEW,55,C,PPSVPV
MAEAQNDPLLPGYSFNAHLVAGLPPIEANGYLDFFIDDPLGMKGYILNLTIRGQGVVKNQGREFVCRPGDILLFPPGEILHAGRHPEAREWYFQWVYFRPRAYWHEW,55,C,PPDLAF
MAEAQNDPLLPGYSFNAHLVAGLSPIEANGYLDFFIDLPLGMKGYILNLTIRGQGVVKNQGREFVCRPGDILLFPPGEIPHPGRHPEAREWYGQWVYFRPRAYWHEW,55,C,PSLPPG
MAEAQNDPLLPGYSFNAHLVAGLSPIEANGYLDFFIDRPLGMKGYILNLTIRGQGVVKNQGREFVCRPGDILLFPPGEISHPGRHPEAREWYGQWVYFRPRAYWHEW,55,C,PSRSPG
MAEAQNDPLLPGYSFNAHLVAGLPPIEANGYLDFFIDSPLGMKGYILNLTIRGQGVVKNQGREFVCRPGDILLFPPGEIVHSGRHPEAREWYLQWVYFRPRAYWHEW,55,C,PPSVSL
MAEAQNDPLLPGYSFNAHLVAGLSPIEANGYLDFFIDGPLGMKGYILNLTIRGQGVVKNQGREFVCRPGDILLFPPGEIRHSGRHPEAREWYGQWVYFRPRAYWHEW,55,C,PSGRSG
MAEAQNDPLLPGYSFNAHLVAGLSPIEANGYLDFFIDGPLGMKGYILNLTIRGQGVVKNQGREFVCRPGDILLFPPGEISHPGRHPEAREWYGQWVYFRPRAYWHEW,55,C,PSGSPG
MAEAQNDPLLPGYSFNAHLVAGLPPIEANGYLDFFIDSPLGMKGYILNLTIRGQGVVKNQGREFVCRPGDILLFPPGEISHHGRHPEAREWYFQWVYFRPRAYWHEW,55,C,PPSSHF
MAEAQNDPLLPGYSFNAHLVAGLCPIEANGYLDFFIDRPLGMKGYILNLTIRGQGVVKNQGREFVCRPGDILLFPPGEIVHPGRHPEAREWYLQWVYFRPRAYWHEW,55,C,PCRVPL
MAEAQNDPLLPGYSFNAHLVAGLLPIEANGYLDFFIDEPLGMKGYILNLTIRGQGVVKNQGREFVCRPGDILLFPPGEITHTGRHPEAREWYSQWVYFRPRAYWHEW,55,C,PLETTS
MAEAQNDPLLPGYSFNAHLVAGLPPIEANGYLDFFIDSPLGMKGYILNLTIRGQGVVKNQGREFVCRPGDILLFPPGEIPHPGRHPEAREWYGQWVYFRPRAYWHEW,55,C,PPSPPG
MAEAQNDPLLPGYSFNAHLVAGLLPIEANGYLDFFIDWPLGMKGYILNLTIRGQGVVKNQGREFVCRPGDILLFPPGEIQHPGRHPEAREWYGQWVYFRPRAYWHEW,55,C,PLWQPG
MAEAQNDPLLPGYSFNAHLVAGLHPIEANGYLDFFIDSPLGMKGYILNLTIRGQGVVKNQGREFVCRPGDILLFPPGEIVHPGRHPEAREWYGQWVYFRPRAYWHEW,55,C,PHSVPG
MAEAQNDPLLPGYSFNAHLVAGLQPIEANGYLDFFIDRPLGMKGYILNLTIRGQGVVKNQGREFVCRPGDILLFPPGEIPHVGRHPEAREWYEQWVYFRPRAYWHEW,55,C,PQRPVE
MAEAQNDPLLPGYSFNAHLVAGLTPIEANGYLDFFIDLPLGMKGYILNLTIRGQGVVKNQGREFVCRPGDILLFPPGEIAHPGRHPEAREWYGQWVYFRPRAYWHEW,55,C,PTLAPG
MAEAQNDPLLPGYSFNAHLVAGLPPIEANGYLDFFIDCPLGMKGYILNLTIRGQGVVKNQGREFVCRPGDILLFPPGEIPHPGRHPEAREWYGQWVYFRPRAYWHEW,54,C,PPCPPG
MAEAQNDPLLPGYSFNAHLVAGLPPIEANGYLDFFIDHPLGMKGYILNLTIRGQGVVKNQGREFVCRPGDILLFPPGEISHYGRHPEAREWYSQWVYFRPRAYWHEW,54,C,PPHSYS
MAEAQNDPLLPGYSFNAHLVAGLDPIEANGYLDFFIDSPLGMKGYILNLTIRGQGVVKNQGREFVCRPGDILLFPPGEIFHLGRHPEAREWYVQWVYFRPRAYWHEW,54,C,PDSFLV
MAEAQNDPLLPGYSFNAHLVAGLTPIEANGYLDFFIDNPLGMKGYILNLTIRGQGVVKNQGREFVCRPGDILLFPPGEIVHVGRHPEAREWYGQWVYFRPRAYWHEW,54,C,PTNVVG
MAEAQNDPLLPGYSFNAHLVAGLLPIEANGYLDFFIDGPLGMKGYILNLTIRGQGVVKNQGREFVCRPGDILLFPPGEITHPGRHPEAREWYGQWVYFRPRAYWHEW,54,C,PLGTPG
MAEAQNDPLLPGYSFNAHLVAGLTPIEANGYLDFFIDLPLGMKGYILNLTIRGQGVVKNQGREFVCRPGDILLFPPGEIAHLGRHPEAREWYWQWVYFRPRAYWHEW,54,C,PTLALW
MAEAQNDPLLPGYSFNAHLVAGLQPIEANGYLDFFIDLPLGMKGYILNLTIRGQGVVKNQGREFVCRPGDILLFPPGEIPHVGRHPEAREWYAQWVYFRPRAYWHEW,54,C,PQLPVA
MAEAQNDPLLPGYSFNAHLVAGLTPIEANGYLDFFIDTPLGMKGYILNLTIRGQGVVKNQGREFVCRPGDILLFPPGEITHSGRHPEAREWYKQWVYFRPRAYWHEW,54,C,PTTTSK
MAEAQNDPLLPGYSFNAHLVAGLCPIEANGYLDFFIDRPLGMKGYILNLTIRGQGVVKNQGREFVCRPGDILLFPPGEIFHPGRHPEAREWYKQWVYFRPRAYWHEW,54,C,PCRFPK
MAEAQNDPLLPGYSFNAHLVAGLSPIEANGYLDFFIDRPLGMKGYILNLTIRGQGVVKNQGREFVCRPGDILLFPPGEIPHCGRHPEAREWYPQWVYFRPRAYWHEW,54,C,PSRPCP
MAEAQNDPLLPGYSFNAHLVAGLTPIEANGYLDFFIDLPLGMKGYILNLTIRGQGVVKNQGREFVCRPGDILLFPPGEIPHVGRHPEAREWYMQWVYFRPRAYWHEW,54,C,PTLPVM
MAEAQNDPLLPGYSFNAHLVAGLPPIEANGYLDFFIDRPLGMKGYILNLTIRGQGVVKNQGREFVCRPGDILLFPPGEILHPGRHPEAREWYRQWVYFRPRAYWHEW,54,C,PPRLPR
MAEAQNDPLLPGYSFNAHLVAGLTPIEANGYLDFFIDQPLGMKGYILNLTIRGQGVVKNQGREFVCRPGDILLFPPGEISHPGRHPEAREWYWQWVYFRPRAYWHEW,54,C,PTQSPW
MAEAQNDPLLPGYSFNAHLVAGLQPIEANGYLDFFIDDPLGMKGYILNLTIRGQGVVKNQGREFVCRPGDILLFPPGEIVHPGRHPEAREWYSQWVYFRPRAYWHEW,54,C,PQDVPS
MAEAQNDPLLPGYSFNAHLVAGLTPIEANGYLDFFIDSPLGMKGYILNLTIRGQGVVKNQGREFVCRPGDILLFPPGEISHTGRHPEAREWY*QWVYFRPRAYWHEW,54,C,PTSST*
MAEAQNDPLLPGYSFNAHLVAGLPPIEANGYLDFFIDRPLGMKGYILNLTIRGQGVVKNQGREFVCRPGDILLFPPGEIPHFGRHPEAREWYGQWVYFRPRAYWHEW,54,C,PPRPFG
MAEAQNDPLLPGYSFNAHLVAGLTPIEANGYLDFFIDRPLGMKGYILNLTIRGQGVVKNQGREFVCRPGDILLFPPGEIPHVGRHPEAREWYAQWVYFRPRAYWHEW,54,C,PTRPVA
MAEAQNDPLLPGYSFNAHLVAGLTPIEANGYLDFFIDGPLGMKGYILNLTIRGQGVVKNQGREFVCRPGDILLFPPGEISHPGRHPEAREWYGQWVYFRPRAYWHEW,53,C,PTGSPG
MAEAQNDPLLPGYSFNAHLVAGLLPIEANGYLDFFIDWPLGMKGYILNLTIRGQGVVKNQGREFVCRPGDILLFPPGEINHIGRHPEAREWYWQWVYFRPRAYWHEW,53,C,PLWNIW
MAEAQNDPLLPGYSFNAHLVAGLTPIEANGYLDFFIDLPLGMKGYILNLTIRGQGVVKNQGREFVCRPGDILLFPPGEIKHAGRHPEAREWYAQCVYFRPRAYWHEW,53,R,PTLKAA
MAEAQNDPLLPGYSFNAHLVAGLTPIEANGYLDFFIDGPLGMKGYILNLTIRGQGVVKNQGREFVCRPGDILLFPPGEISHPGRHPEAREWYVQWVYFRPRAYWHEW,53,C,PTGSPV
MAEAQNDPLLPGYSFNAHLVAGLNPIEANGYLDFFIDLPLGMKGYILNLTIRGQGVVKNQGREFVCRPGDILLFPPGEIDHLGRHPEAREWYGQWVYFRPRAYWHEW,53,C,PNLDLG
MAEAQNDPLLPGYSFNAHLVAGLSPIEANGYLDFFIDSPLGMKGYILNLTIRGQGVVKNQGREFVCRPGDILLFPPGEIFHLGRHPEAREWYSQWVYFRPRAYWHEW,53,C,PSSFLS
MAEAQNDPLLPGYSFNAHLVAGLKPIEANGYLDFFIDRPLGMKGYILNLTIRGQGVVKNQGREFVCRPGDILLFPPGEIPHSGRHPEAREWYGQWVYFRPRAYWHEW,53,C,PKRPSG
MAEAQNDPLLPGYSFNAHLVAGLPPIEANGYLDFFIDQPLGMKGYILNLTIRGQGVVKNQGREFVCRPGDILLFPPGEIYHPGRHPEAREWYAQWVYFRPRAYWHEW,53,C,PPQYPA
MAEAQNDPLLPGYSFNAHLVAGLEPIEANGYLDFFIDKPLGMKGYILNLTIRGQGVVKNQGREFVCRPGDILLFPPGEIYHPGRHPEAREWYGQWVYFRPRAYWHEW,53,C,PEKYPG
MAEAQNDPLLPGYSFNAHLVAGLDPIEANGYLDFFIDLPLGMKGYILNLTIRGQGVVKNQGREFVCRPGDILLFPPGEIEHCGRHPEAREWYQQWVYFRPRAYWHEW,53,C,PDLECQ
MAEAQNDPLLPGYSFNAHLVAGLLPIEANGYLDFFIDTPLGMKGYILNLTIRGQGVVKNQGREFVCRPGDILLFPPGEITHYGRHPEAREWYLQWVYFRPRAYWHEW,52,C,PLTTYL
MAEAQNDPLLPGYSFNAHLVAGLPPIEANGYLDFFIDAPLGMKGYILNLTIRGQGVVKNQGREFVCRPGDILLFPPGEIVHAGRHPEAREWYYQWVYFRPRAYWHEW,52,C,PPAVAY
MAEAQNDPLLPGYSFNAHLVAGLDPIEANGYLDFFIDSPLGMKGYILNLTIRGQGVVKNQGREFVCRPGDILLFPPGEIKHIGRHPEAREWYVQWVYFRPRAYWHEW,52,C,PDSKIV
MAEAQNDPLLPGYSFNAHLVAGLRPIEANGYLDFFIDRPLGMKGYILNLTIRGQGVVKNQGREFVCRPGDILLFPPGEISHPGRHPEAREWYGQWVYFRPRAYWHEW,52,C,PRRSPG
MAEAQNDPLLPGYSFNAHLVAGLDPIEANGYLDFFIDCPLGMKGYILNLTIRGQGVVKNQGREFVCRPGDILLFPPGEIQHAGRHPEAREWYMQWVYFRPRAYWHEW,52,C,PDCQAM
MAEAQNDPLLPGYSFNAHLVAGLPPIEANGYLDFFIDSPLGMKGYILNLTIRGQGVVKNQGREFVCRPGDILLFPPGEIAHLGRHPEAREWYWQWVYFRPRAYWHEW,52,C,PPSALW
MAEAQNDPLLPGYSFNAHLVAGLEPIEANGYLDFFIDAPLGMKGYILNLTIRGQGVVKNQGREFVCRPGDILLFPPGEIMHPGRHPEAREWYGQWVYFRPRAYWHEW,52,C,PEAMPG
MAEAQNDPLLPGYSFNAHLVAGLSPIEANGYLDFFIDHPLGMKGYILNLTIRGQGVVKNQGREFVCRPGDILLFPPGEIRHPGRHPEAREWYGQWVYFRPRAYWHEW,52,C,PSHRPG
MAEAQNDPLLPGYSFNAHLVAGLSPIEANGYLDFFIDLPLGMKGYILNLTIRGQGVVKNQGREFVCRPGDILLFPPGEIRHPGRHPEAREWYVQWVYFRPRAYWHEW,52,C,PSLRPV
MAEAQNDPLLPGYSFNAHLVAGLEPIEANGYLDFFIDCPLGMKGYILNLTIRGQGVVKNQGREFVCRPGDILLFPPGEIRHMGRHPEAREWYHQWVYFRPRAYWHEW,52,C,PECRMH
MAEAQNDPLLPGYSFNAHLVAGLPPIEANGYLDFFIDDPLGMKGYILNLTIRGQGVVKNQGREFVCRPGDILLFPPGEIGHCGRHPEAREWYSQWVYFRPRAYWHEW,52,C,PPDGCS
MAEAQNDPLLPGYSFNAHLVAGLLPIEANGYLDFFIDRPLGMKGYILNLTIRGQGVVKNQGREFVCRPGDILLFPPGEIDHHGRHPEAREWYVQWVYFRPRAYWHEW,52,C,PLRDHV
MAEAQNDPLLPGYSFNAHLVAGLVPIEANGYLDFFIDFPLGMKGYILNLTIRGQGVVKNQGREFVCRPGDILLFPPGEIEHPGRHPEAREWYGQWVYFRPRAYWHEW,52,C,PVFEPG
MAEAQNDPLLPGYSFNAHLVAGLDPIEANGYLDFFIDLPLGMKGYILNLTIRGQGVVKNQGREFVCRPGDILLFPPGEIPHLGRHPEAREWYWQWVYFRPRAYWHEW,52,C,PDLPLW
MAEAQNDPLLPGYSFNAHLVAGLPPIEANGYLDFFIDHPLGMKGYILNLTIRGQGVVKNQGREFVCRPGDILLFPPGEIDHYGRHPEAREWYCQWVYFRPRAYWHEW,52,C,PPHDYC
MAEAQNDPLLPGYSFNAHLVAGLTPIEANGYLDFFID*PLGMKGYILNLTIRGQGVVKNQGREFVCRPGDILLFPPGEIYHMGRHPEAREWYGQWVYFRPRAYWHEW,52,C,PT*YMG
MAEAQNDPLLPGYSFNAHLVAGLSPIEANGYLDFFIDCPLGMKGYILNLTIRGQGVVKNQGREFVCRPGDILLFPPGEIPHRGRHPEAREWYTQWVYFRPRAYWHEW,52,C,PSCPRT
MAEAQNDPLLPGYSFNAHLVAGLAPIEANGYLDFFIDRPLGMKGYILNLTIRGQGVVKNQGREFVCRPGDILLFPPGEISHPGRHPEAREWYGQWVYFRPRAYWHEW,52,C,PARSPG
MAEAQNDPLLPGYSFNAHLVAGLHPIEANGYLDFFIDLPLGMKGYILNLTIRGQGVVKNQGREFVCRPGDILLFPPGEIEHVGRHPEAREWYVQWVYFRPRAYWHEW,51,C,PHLEVV
MAEAQNDPLLPGYSFNAHLVAGLLPIEANGYLDFFIDAPLGMKGYILNLTIRGQGVVKNQGREFVCRPGDILLFPPGEIWHNGRHPEAREWYRQWVYFRPRAYWHEW,51,C,PLAWNR
MAEAQNDPLLPGYSFNAHLVAGLDPIEANGYLDFFIDSPLGMKGYILNLTIRGQGVVKNQGREFVCRPGDILLFPPGEIPHVGRHPEAREWYGQWVYFRPRAYWHEW,51,C,PDSPVG
MAEAQNDPLLPGYSFNAHLVAGLAPIEANGYLDFFIDTPLGMKGYILNLTIRGQGVVKNQGREFVCRPGDILLFPPGEIRHPGRHPEAREWYGQWVYFRPRAYWHEW,51,C,PATRPG
MAEAQNDPLLPGYSFNAHLVAGLEPIEANGYLDFFIDGPLGMKGYILNLTIRGQGVVKNQGREFVCRPGDILLFPPGEITHYGRHPEAREWYTQWVYFRPRAYWHEW,51,C,PEGTYT
MAEAQNDPLLPGYSFNAHLVAGLAPIEANGYLDFFIDTPLGMKGYILNLTIRGQGVVKNQGREFVCRPGDILLFPPGEIRHPGRHPEAREWYRQWVYFRPRAYWHEW,51,C,PATRPR
MAEAQNDPLLPGYSFNAHLVAGLSPIEANGYLDFFIDSPLGMKGYILNLTIRGQGVVKNQGREFVCRPGDILLFPPGEITHPGRHPEAREWYGQWVYFRPRAYWHEW,51,C,PSSTPG
MAEAQNDPLLPGYSFNAHLVAGLNPIEANGYLDFFIDPPLGMKGYILNLTIRGQGVVKNQGREFVCRPGDILLFPPGEIKHPGRHPEAREWYPQWVYFRPRAYWHEW,51,C,PNPKPP
